Person.id|Organisation.id
6906|00
8443|50
4909|110
8372|180
9480|330
3175|350
2343|380
1426|470
38|500
7998|550
8899|590
2263|650
8888|680
8354|690
941|700
3501|770
6963|800
2983|840
3715|870
3459|530
2714|900
1248|910
884|970
4936|990
1219|1010
8723|1120
75|1170
5885|280
4814|1180
1489|1190
6388|280
4960|1260
1734|1270
5805|1280
5742|1290
7271|1330
7868|1350
2791|380
3568|1460
5346|1470
8087|1530
540|1540
5153|1590
2675|770
8552|1620
5839|1390
1257|1640
3755|1510
9698|1680
5409|00
7454|1750
9569|1060
2618|1780
495|140
5593|280
8214|1830
6776|1330
4130|1880
5007|1930
8285|1980
2889|2040
7869|2050
1627|2080
9072|2140
8403|2190
4849|2230
7768|2310
347|1540
7697|2330
7423|1750
2362|2400
5074|2410
7107|2320
4636|2440
4188|2460
6510|00
4276|2570
4557|2590
4416|2610
7622|2320
4771|2660
8748|2690
9588|2720
8246|2760
8941|2790
4670|2820
2626|2870
6981|1330
5829|2960
1098|2980
7035|280
7310|1290
9370|3000
6529|280
7647|3040
1579|1820
5244|3070
1962|2380
405|3100
8396|2190
9352|3130
336|3150
2999|3160
2273|3080
2798|2040
1781|2400
2878|2400
2957|1460
4551|3210
2266|3230
7393|2320
3232|3080
1679|3270
8118|3280
3021|770
7002|00
8814|3290
863|970
9902|3350
2564|770
9082|3360
1335|3410
6428|800
2347|900
6747|800
6204|1330
5037|3500
7916|3510
5106|3530
59|3560
621|140
2299|530
7801|3580
1213|3600
6400|2960
1045|3650
7711|3680
2390|3080
5379|3750
5291|3800
9330|1680
5394|3820
3729|3840
3928|1510
3751|3870
6835|1390
8340|3890
8578|3920
4038|3950
6773|00
4968|3960
3221|2380
4091|3970
4155|4010
135|4030
9739|4050
9005|4090
6682|4100
4961|4110
6794|4140
6274|1290
2212|4220
1580|4240
1194|4250
8367|4290
7814|2310
5001|4320
9795|4340
861|4350
1925|1460
9782|4380
2302|2380
2495|2380
2841|900
2744|770
43|3560
3335|1460
3712|2550
6417|280
139|4440
6548|1330
6369|4500
4099|3970
6452|4510
4031|4560
7193|00
7759|4580
5329|4610
4160|4630
4424|4660
4434|4680
4263|4690
5923|280
1196|4770
7627|1330
5065|2290
9903|4840
6554|1750
2558|1460
6421|00
7327|800
2877|530
5812|00
3351|2400
7863|3510
7927|4950
9985|5000
7557|1330
875|5060
9839|5090
2394|380
2866|900
3054|900
8050|5120
1484|1190
3633|870
628|3170
8825|5200
2386|5230
3052|530
1245|5270
1018|5280
514|3150
8309|5330
9327|1060
1081|5440
3022|1460
5682|1390
6824|1330
8724|5490
4085|5510
7463|1750
285|5540
9766|5600
3907|5640
5709|4140
7226|800
5328|1470
8866|440
3824|1510
5555|1330
3707|5740
7483|1390
5468|4140
7161|4140
2296|770
1129|5780
3163|380
7844|4580
1858|3080
7822|2310
7040|00
2549|770
3135|1460
4841|2230
1301|5880
3005|3080
3312|1460
2530|2040
5090|5890
1699|2080
2677|3160
6445|1330
7663|5910
9843|3350
8012|5920
548|3150
3496|900
2244|1460
8212|5120
8240|5990
9715|2720
9991|6090
3463|380
3058|2380
3207|380
728|6120
9079|6130
9645|1060
6908|280
7992|6170
422|3150
5661|00
8960|6210
9382|6230
9198|6250
602|6270
1520|6280
746|6310
1657|3270
7560|00
3307|3160
6473|4140
2024|2400
1518|1190
9708|6450
6320|1390
7022|1750
8458|6470
498|3150
4187|6500
1024|6510
50|3560
9664|6540
5568|4140
5510|6570
3637|6580
7475|1390
5863|2960
8290|6600
9353|3000
4815|1180
4750|6680
9466|6230
6047|2960
463|6700
825|6730
2970|3080
6213|1750
4920|6760
3523|770
1353|6790
7195|1390
3607|3080
109|6820
2466|3160
2647|3160
416|620
8254|6910
9501|6950
8506|6960
8155|1830
9346|7020
9006|7030
7239|800
1000|5280
8911|2790
5178|7060
6462|280
8686|7070
3778|7100
3865|3870
627|140
3808|3870
9350|4720
72|7180
402|3150
7641|280
1545|7190
2125|3160
6017|1290
5913|2320
2951|380
1524|4160
9151|7260
7737|2310
3480|7290
3145|2040
9168|7300
5109|7310
7726|2330
9998|6090
6216|1290
6536|1290
7716|7350
6891|2960
5972|1330
8672|7400
4347|2610
1553|1190
6196|1330
7413|7430
557|5160
9333|1680
3569|2380
3482|7460
9175|7480
2519|2040
2494|1460
6851|2320
1508|7530
4767|7570
7527|7610
2257|3160
2932|2380
9046|7620
758|7650
6583|1290
7197|1290
4316|7690
8412|7700
4649|7730
4359|2510
7765|7760
6959|1290
5530|280
2513|7770
8053|7780
357|140
52|1170
1650|7820
7229|4140
2497|2040
193|7870
9239|7910
9269|1680
9322|4720
9796|4840
5868|1330
8976|7950
6737|1290
8774|8000
4415|8020
3136|530
8913|2790
7516|800
1899|8070
3071|1460
8203|6910
7062|4140
65|7180
8491|6960
427|620
9647|6230
8466|8140
1122|4250
8334|8230
7540|00
6934|2960
4634|2440
1435|8310
3049|3160
4553|8340
5616|2960
5273|8390
8668|8410
838|8440
7904|3510
7837|8470
5638|2960
6460|280
5197|3070
5151|7060
5093|8490
7296|00
5512|4140
3861|2550
7479|8570
7256|1390
7141|2320
5105|7310
707|8610
6534|800
4611|8620
6494|4140
7796|4580
3072|530
9812|8650
5472|4140
667|8690
766|8700
3705|8740
6806|280
3211|2040
2458|530
7578|1390
4256|4660
3360|380
3023|3080
2084|900
2969|3160
2807|530
3294|3080
6783|800
1640|8760
982|8780
1624|1820
5449|800
6359|280
1612|8790
1072|8840
992|8850
1258|8910
2713|2040
2795|770
1948|1460
2334|3160
8387|7700
9355|1060
2236|530
3272|8960
2381|900
1774|1460
3025|2400
1946|900
5322|1590
7209|2960
2692|3160
2803|8990
6726|9000
3997|870
3827|1510
8350|690
3790|1510
8879|9040
5865|800
629|9060
1066|5780
5986|1390
4210|4010
5523|00
5519|1750
6727|2320
5223|9200
7407|2320
3074|9230
7075|1390
9886|5090
4856|9240
2069|530
186|9270
9415|4720
4979|9280
6557|1390
3676|9300
5146|9310
6917|1390
5611|9320
1462|1190
7206|1750
3557|3160
8970|4090
6362|2960
1725|9350
12|9430
6581|4140
232|9480
6703|1390
3691|2550
5461|1390
9376|330
7016|800
1181|2980
8187|5120
197|9570
4739|7570
5679|1750
8063|9630
9115|9660
5413|4140
8391|9700
585|620
8554|9710
5196|1590
8924|7950
3123|530
2284|770
8955|9800
429|9810
388|5160
8019|9830
8385|50
635|9870
2802|2040
4249|4680
8086|3280
8283|3280
1952|2400
4716|9950
1078|9960
732|9980
2045|2380
739|6310
5306|10030
6555|00
318|3150
7373|800
1132|10090
5248|10110
6136|10120
6996|1390
6308|10130
1744|10160
5815|00
1892|770
1418|10170
6259|4140
4564|10180
3772|2550
2070|3080
4349|10250
7411|2320
2947|3080
3595|380
4511|10270
7036|1390
4365|10300
7470|1290
1224|10310
6941|4140
4113|6840
6846|1330
6817|800
1405|10320
4904|10330
3920|3870
3952|3760
7194|1330
3186|3160
3010|2040
5789|1290
1815|1460
5843|1330
3154|380
1929|2040
2981|900
9230|10360
2699|770
1233|10410
928|10420
4320|10300
3521|2040
2145|1460
2927|3080
3120|770
3287|380
1589|4240
1373|10080
258|10500
1718|10550
2502|380
8618|9710
5573|2960
7490|2960
9611|10560
8989|7990
5706|00
2602|900
9737|10590
1148|5780
6952|1330
3490|900
3914|10600
8981|10620
2470|10640
8199|10650
5566|280
2893|380
8836|9040
5915|800
654|10690
1156|4770
9798|10740
7914|10750
9979|10770
659|10780
9318|330
8266|1830
1063|10090
6455|280
3462|2400
7999|550
105|10860
6501|1750
2811|770
2928|10870
1823|3080
1471|4270
5147|10880
3804|870
2656|770
8669|10900
4590|10940
1647|7820
8835|9040
837|10970
9790|5090
9011|2790
393|6700
2538|3160
1778|530
2642|770
6314|2960
9437|330
1967|2040
1732|1270
2248|530
6365|280
5454|2960
5623|1750
5056|3500
5032|11060
4986|3960
4546|11080
8995|7950
4157|4630
9996|11130
9341|1680
9486|7020
3555|770
3297|770
3794|3840
189|11180
2374|3080
9450|1680
3261|770
9704|6450
6778|1330
9363|6450
3006|2040
9292|11200
5676|1390
668|10780
45|1170
2424|3160
3659|1510
8197|1530
3281|900
3246|530
9947|8660
5513|800
4431|9510
2402|530
5796|1330
7383|11300
7388|1290
3562|1460
1302|10080
2176|530
3147|3160
2954|380
1711|10550
5355|11360
3244|1460
6219|800
150|11370
9085|11400
6220|800
2111|530
2818|380
2057|3080
1762|11520
970|230
7054|2960
9836|4340
2858|380
4156|4010
3913|2550
2844|2040
5359|1470
2275|2040
2168|3080
9354|7020
9707|4720
9702|6230
3164|380
6074|800
7355|2320
9149|11630
4455|11670
5245|3070
383|11700
7521|1290
532|11720
2766|2040
4120|11730
6188|11030
8782|11750
6469|2960
4294|11760
5222|4610
5415|1330
643|11780
8362|11790
2216|2040
3045|2380
2823|380
5920|280
7186|2320
2998|11860
6319|2320
6234|1750
3673|3760
619|3170
2973|770
1788|770
6688|2320
7596|1330
1645|7820
6662|2960
7644|4140
7743|720
3635|7100
6937|1290
5973|4140
5190|9310
9476|1680
3262|3160
91|6820
3991|3840
3627|770
6582|2960
3748|7100
3810|7100
239|11910
524|620
224|11940
3789|3870
6177|1390
5384|1470
9188|11970
2958|2400
7964|11990
6248|12000
5172|3750
877|12010
9941|12030
900|12040
9407|6230
396|1540
3613|770
6528|800
4427|2610
5226|12070
9858|12080
7842|7350
7703|12100
3624|2380
2355|2040
6842|1290
7966|12120
7061|00
262|12130
6818|800
384|3150
910|12150
8064|7780
3411|770
6236|280
177|12210
3173|2040
5497|2960
3762|7100
1658|12230
1465|6280
8384|10130
795|7200
9081|7620
4928|12300
8504|12310
717|9980
7908|12350
6604|00
6466|280
1004|8850
7879|12390
8045|6600
7921|12420
2793|2040
6190|2960
5023|12430
940|12440
8151|1830
2864|3080
765|12480
9012|4090
3206|900
8352|12550
9940|12570
4505|10270
9283|7020
8751|7680
9041|12610
3011|12640
2440|770
5431|1330
6477|1750
9651|6450
8357|12660
1662|12670
5311|10030
6580|2960
6235|800
9406|4720
4945|10330
5134|12720
7012|2960
6984|800
5307|3750
1176|4250
6144|1390
4458|8020
8788|12760
5475|2320
3374|3080
5620|280
9579|330
4084|12770
4317|5250
4913|12780
4090|5510
2209|900
3856|2550
6533|280
3701|8740
616|11700
3455|2400
887|12800
9877|5090
5218|3800
3891|2550
2444|2380
3493|2400
4760|9240
6672|800
2417|12840
1273|10310
9468|6230
1982|2400
3265|770
9301|330
2201|530
8778|12910
513|1540
579|6700
1694|7820
3640|870
8025|12930
5700|00
9129|12940
1205|12960
5116|13050
2087|3080
2729|380
663|13080
2883|1460
308|13110
7262|800
8921|6210
3132|3080
3476|2400
153|13140
2743|3160
7614|1390
348|11720
8397|7520
5082|5890
6610|00
8728|13200
9536|6230
1057|13210
7449|1390
9439|330
7250|4140
6283|4140
7775|4580
2107|2400
8846|440
5421|00
8972|4090
4980|4320
996|13280
5509|13310
7654|13320
7278|13360
2243|530
7336|13380
5896|280
7020|800
2325|1460
3492|3080
4033|9090
9875|3350
3732|8740
9170|13410
1985|2400
2029|1460
919|10420
7366|4140
4064|9090
2056|1460
3599|1460
2533|2400
762|13450
7223|4140
6897|4140
44|7180
6785|00
842|13480
6699|4140
6016|13500
4464|5250
8098|1530
8780|9040
2822|3080
3227|380
8124|6910
3478|1460
8115|9630
5129|3890
2215|13600
1095|13610
4788|13620
3427|3080
3260|530
2737|530
5336|13630
5635|4140
5428|1750
2968|1460
7575|2960
7912|13650
88|13660
603|11700
5836|13680
9403|13690
1075|2980
9887|4840
1422|3410
9767|13710
415|13740
86|13660
7741|3580
3172|770
6991|280
2169|770
7330|800
5845|1750
731|7650
7699|4580
1369|10170
5271|7060
6746|800
4671|13770
9339|6230
4524|13810
6585|1750
2346|900
9784|13840
6814|2320
1304|6800
1431|13850
9773|13860
1540|1190
2422|2400
8623|13940
4344|2510
685|3250
1321|10170
3588|2380
5474|1390
4496|13950
4372|4660
5875|00
4978|1260
8322|13980
5533|13990
1108|8840
1785|1460
4168|14010
1380|6790
2331|2040
5653|14060
346|3150
8937|7990
5961|280
2027|2380
1318|6800
212|14090
3151|380
5297|14110
4060|14120
7604|800
8469|14130
1188|4250
1914|900
8388|2190
4281|4690
2183|14160
9539|3000
5612|1750
7651|14180
7410|1290
5334|9310
8710|2690
4299|4690
2724|2400
4322|4660
1168|5780
9987|6090
7300|280
4161|14010
5353|9200
9845|14270
2885|1460
8613|14280
7728|14330
6179|800
959|14340
5438|1290
94|14350
1142|12870
122|14360
1593|12670
7827|7350
6013|800
142|4030
4686|14380
36|500
8335|3890
3950|7100
5901|14400
2726|900
203|14410
9656|4720
8655|13520
3371|2400
712|13450
4063|4560
4889|6760
9116|14440
9141|14460
3980|5640
6304|2320
8759|7680
3467|380
5214|7060
4285|8020
7091|280
2770|3080
764|3130
4729|14510
6700|1390
7180|2960
327|1540
997|13280
2665|530
8776|440
945|14540
3484|530
5904|1390
6962|1290
7081|1390
4083|3970
6878|14570
2736|2380
5775|1330
1558|5680
7589|1390
3988|7100
9396|14480
505|3150
5254|9200
9008|14610
8488|14620
7496|1290
4351|4680
743|14630
564|3150
4526|13810
7328|2320
3723|1510
7446|2960
1201|12960
7884|12350
114|14350
6756|4140
9817|4840
2011|900
412|140
8718|5490
2708|1460
4261|4680
4596|14720
510|9810
8275|7780
8182|14770
8692|14800
8164|7780
4035|3970
6577|2960
6788|800
1676|3270
9412|1680
8198|14830
8304|1830
1082|8840
8695|14870
9344|2720
9325|14480
2868|2400
6798|2320
7715|3580
4801|13620
2902|770
6787|14930
6923|2320
7038|1290
278|14940
8609|14950
6780|15000
6792|15010
5176|3800
7385|1390
7073|2320
9284|15020
5012|15030
3768|2550
6260|280
8766|13810
4648|15040
3252|3160
2854|2380
7769|2310
7105|1290
4597|12640
6936|1750
2133|770
5013|3500
5712|4140
6175|1390
6784|1750
7182|1330
6901|1290
6299|1750
2556|770
5895|1290
3900|7100
3788|8740
8010|15100
8987|15110
9889|4380
6117|2320
8885|15120
2265|900
7000|800
73|1170
5308|4610
6765|280
7318|800
7198|2960
7836|3580
483|15150
6241|1290
1674|2080
6399|1330
204|15190
7661|15250
733|14630
6292|1330
9216|11970
8599|15300
1547|4160
3139|1460
1497|4160
4725|7570
1947|2040
5759|1750
408|1260
9850|5090
4253|2610
8471|15350
9373|7020
5161|3800
7485|1330
6407|1290
221|9460
5003|15370
8222|9630
3340|1460
436|11720
3625|770
7391|1330
1169|5440
7377|15390
5520|1750
8455|14620
9857|10740
6426|00
2785|1460
9537|1060
2434|2400
1074|15420
5159|3750
5269|3800
3503|530
3756|1510
3839|3870
8029|15450
8958|2790
3099|2040
537|11700
3319|15470
4198|15480
5433|280
2342|380
9628|7020
2311|3080
7896|3510
2636|900
9931|5090
8839|3290
3291|3080
9695|14480
669|11780
275|15530
2838|380
9193|6250
3315|900
1272|1640
2104|2400
2817|1460
1386|6800
568|620
1277|15570
9805|4340
9016|15580
4625|2440
335|3170
2154|15590
8205|7780
9156|13910
235|15630
1339|10320
1623|15640
6315|2320
9619|330
3378|530
9957|15650
2563|2380
6211|00
7237|280
2738|2040
9122|11970
1242|10410
3375|2380
1997|3160
7199|1290
3953|7100
1876|1460
1943|3080
5801|800
5887|1290
8135|1830
2852|380
9580|1680
2380|2040
370|5160
2709|3080
7257|4140
5798|2320
2596|530
2767|2400
2478|2400
8627|15740
8611|15760
9901|13840
8049|1830
8883|15120
7089|15800
5987|280
1494|15820
118|6820
8394|15870
3678|2550
48|15880
3129|2400
1249|910
517|11700
844|15900
9644|15920
3516|2040
7565|1290
9419|6230
6276|15950
2315|900
4066|9090
2552|1460
5889|00
185|15960
8026|16010
5750|280
6025|1750
8515|14620
6286|4140
5717|800
7465|2960
2099|3080
6980|12000
7530|1750
6432|00
2283|2040
6269|1750
1598|16070
9779|16100
6425|800
544|16140
4376|4680
8218|1530
5295|10030
4536|3210
2221|900
1151|12870
1653|12670
2431|1460
1660|1820
1710|16180
9391|3000
2041|2400
3214|2040
2649|380
7450|00
8105|6600
5121|3890
6316|2320
8904|9800
7269|1390
1717|16250
4459|5250
9701|1060
6946|1330
609|620
2728|1460
3899|3870
5124|16280
2515|380
3541|3160
9649|3000
1979|900
5486|1750
9365|1680
4171|16310
5097|16330
3836|5640
2049|900
2545|380
4013|3950
4818|2230
852|16360
6427|1330
3103|16400
759|13450
5869|2960
5574|280
7792|16490
2022|2380
5999|16500
2732|3080
6331|280
2471|16510
3363|380
7097|280
936|16520
9714|6230
33|7180
56|500
6550|4140
8006|16530
1913|16540
5830|800
9892|4340
7160|1390
770|3130
8527|15350
9303|14480
1495|6280
2356|1460
6375|2960
976|16580
8831|16610
6712|00
4812|16620
9680|16650
8608|9710
178|9270
3198|530
9560|16700
7581|280
1356|10170
9431|7020
9986|11130
8005|16720
6438|1390
4402|4660
102|16730
2317|2040
5079|2290
6811|280
9924|4340
1585|16070
4048|16760
3814|1510
3239|2400
7693|13320
3133|770
8994|2790
5914|800
1977|900
5484|1390
8933|16780
1691|16790
1091|4770
7804|16490
4732|7570
5893|800
9220|13410
6504|1290
2606|380
2429|3160
2259|770
5432|4140
2003|900
9752|13710
569|16810
6476|1390
6026|800
8922|7990
1688|2080
7830|8970
1313|6790
7219|2960
4765|7570
3298|2040
6457|00
2559|900
2112|900
9387|1060
5701|280
8028|16890
8148|9630
8482|15350
5854|2960
1333|16940
3840|1510
1917|3080
1084|8840
8628|530
1706|2080
3377|770
2281|770
8998|9800
4079|3970
729|7650
4429|4690
4011|3950
1390|13850
5393|3820
1682|17000
4940|12300
5086|4860
451|1540
5439|00
5021|17020
4279|9510
4410|10250
430|620
4394|5250
8928|7990
9997|6090
2747|770
1455|15820
5285|1590
8172|1530
8691|7070
8721|13810
9753|13710
927|12010
7159|17100
8597|15300
4603|17130
2590|2380
2164|3080
9583|7020
3561|2400
979|17140
2668|770
2553|2380
8897|17190
4933|110
4642|2440
5067|17210
2814|2400
4172|17220
9243|14480
7138|1750
3600|900
8400|17250
83|13660
9247|4720
9879|12080
7617|280
5259|3070
2598|770
2923|3160
9295|4720
9724|6450
6000|1750
1349|3410
5331|3750
8900|7030
896|12150
3143|17310
5385|17320
1714|17350
6435|1330
1275|10310
2358|2380
1831|3160
340|11720
9605|6230
7686|15250
1230|10410
6889|4140
7170|800
2148|770
2163|3160
2481|2380
4927|110
2136|900
7848|8470
3200|380
4218|4630
8651|17420
4014|9090
4343|17430
6718|1330
6617|2960
7293|280
1480|7190
5598|2960
6658|1750
8486|6720
1411|13850
3219|900
5792|4140
6277|800
1526|17530
2308|3160
1232|3880
2782|380
1680|16790
4571|8340
9961|17600
8378|7520
9092|17610
9788|12080
2607|2040
2783|3080
5556|00
5233|3750
1009|8850
8820|17480
5726|1290
6543|280
9590|1060
2462|3080
9126|16750
2554|3080
529|140
4067|6840
6875|00
882|12010
8581|17690
3807|8740
300|1540
4288|10250
6801|1390
5280|4610
78|15880
2489|530
2774|3160
6912|1330
8950|7950
2188|17730
8286|17740
4476|9510
5162|1590
9665|17750
7341|1290
7503|800
3539|17760
8061|10650
8234|14770
1355|3410
8996|9800
394|620
9862|4840
8267|17790
7292|280
149|11370
819|3890
4738|13620
5420|800
3321|17820
8961|9800
4451|2610
9864|5090
5435|1290
5085|4860
6523|2960
9245|1060
2218|2380
5723|1290
5862|2960
3|15070
8316|5330
3558|2380
6087|1390
2198|770
79|17860
878|17870
6916|800
9070|12610
853|17910
7504|1290
6162|280
1730|1270
2098|900
8682|7070
9935|5090
828|17960
2327|380
6380|2960
8693|7070
1319|17980
6302|1390
7093|1390
8093|3280
297|11700
6345|4140
8037|16720
6597|1750
2004|3080
319|5160
6447|1330
951|700
2539|3160
1800|18020
5|9430
7721|8970
7760|2330
2080|2040
6562|800
5897|00
7968|18030
9166|13410
5457|1330
7405|1290
2595|3080
3497|770
176|11180
4881|2230
7027|1390
4791|16390
2286|1460
6176|18050
2078|530
5541|1290
180|18060
5745|4140
8102|3280
760|18080
5050|18090
4305|4660
1794|2380
5044|18100
1837|1460
9521|4720
6159|800
938|18110
4237|4630
3605|2400
5042|11060
3044|3080
8964|4090
434|140
1666|16070
4126|18160
8459|6720
2294|1460
8163|14770
9988|5000
9593|14480
9326|330
683|18180
2276|11860
5338|3800
6335|1390
1223|910
2254|770
7181|18190
5641|1750
4152|14010
5645|800
886|18220
3009|16540
6646|1390
1443|4160
157|18230
9260|4720
3671|3840
6069|280
7119|2960
3982|18260
1897|2400
6717|1390
5216|3750
4186|4630
9039|11400
6541|1390
2040|900
4179|6500
5131|18280
2643|2400
7152|280
3713|8740
2622|530
9806|18310
785|18320
8963|6210
3210|900
8395|50
8318|5330
7007|18380
613|3150
8032|5920
8302|9630
980|18390
9968|18410
3156|18420
229|18430
829|8440
6588|1390
535|11700
4016|3970
9381|330
7304|1750
9107|18440
4951|18460
8930|14610
1529|15820
6145|1290
1696|17000
5211|9200
9780|13710
9762|13710
2061|530
2020|770
2688|2400
7970|11990
9785|12080
7444|280
2123|900
9800|10740
3654|870
8467|6720
6902|18480
9868|12080
2403|2400
3984|1510
8031|16530
1086|18490
3661|3870
6140|1290
7928|18500
1008|16350
6526|18510
6415|18520
1389|18530
4388|5250
3092|530
5482|1750
9822|13840
9760|13710
2771|2040
4996|3960
4953|4320
3745|870
2662|530
3222|2380
4594|10940
9603|1060
7821|7350
1400|5880
5202|10030
3884|18550
7845|3580
4843|13620
1020|16350
1577|12670
3201|900
3202|900
5511|1750
1907|2040
5266|3070
5365|1470
1957|1460
8380|50
9945|8660
8823|16610
2836|2040
4674|7730
1100|8840
3677|870
8242|6600
4522|11080
8190|3280
9106|17610
3348|18610
8185|1530
3758|18620
2021|380
6816|1750
5547|4140
4931|12300
6036|1750
3646|3840
4798|7570
778|18650
9821|3350
4993|15370
7813|8470
521|5160
6992|1290
5585|4140
4153|9220
3520|900
8671|18660
5813|00
3253|2400
662|10780
7936|11830
4192|14010
3877|5640
9571|2720
4831|9950
3204|3160
1747|10160
5916|1750
7609|280
6456|1750
4478|18780
8878|17480
1398|17980
1736|1270
5305|9310
6685|1750
5994|800
1312|3410
2398|2040
7631|2320
476|620
6079|1390
3576|530
3961|3840
8128|10650
2886|1460
1215|8910
1410|3410
7950|18820
9944|18410
5083|18840
6055|4140
6645|1750
3269|900
5195|3800
201|9570
6165|00
8477|12310
7148|4140
2338|530
487|140
6059|1330
7577|1330
1890|2380
4962|9280
6127|1290
7068|1390
9691|6450
3091|2380
7805|16490
8802|3290
1141|9960
9654|1680
5483|800
8295|9630
9042|12610
8332|8230
1487|18930
5851|280
9033|18960
8230|14770
5411|800
2432|3160
9954|18990
8853|16830
4633|2440
6639|2320
6491|19010
1|19030
3634|1510
6570|2320
2801|900
2449|3080
2410|19040
5183|4610
2063|530
9663|7020
9110|14440
5277|9310
5314|10030
9314|1060
1231|19060
9723|1680
6713|00
1610|17000
5693|00
4835|13620
7380|800
1904|2380
3270|380
9682|3000
7113|19090
7548|1750
3311|2400
2760|380
3309|380
9610|330
9234|1060
7461|280
7404|4140
4259|9510
7523|280
3182|2040
3759|3840
6502|1750
3903|5640
7263|280
6156|280
3326|1460
3438|2400
1847|900
9926|4840
11|19100
2748|2380
3362|770
8024|19130
7149|1390
3048|380
942|19140
4627|2440
1578|7820
7491|1390
280|5540
8020|5920
5158|9310
3003|530
1255|10410
560|3170
2992|770
2406|770
4593|10940
400|11700
7439|2960
7431|280
1441|19220
2727|530
276|19230
3117|1460
4467|10300
6667|2960
3820|870
4181|15850
2843|3080
1937|1460
1966|3160
1875|2400
5560|1390
1464|6280
7901|13650
8223|6600
1166|19290
3329|770
1867|3160
2952|1460
6855|18190
6882|19300
1668|16070
8942|7030
2977|2380
7379|280
986|17140
9471|3000
7951|19330
7940|19340
1871|530
1005|19350
834|15900
9058|19380
9417|4720
3376|2040
9709|1060
7762|19410
7493|800
9157|13910
7751|7350
9191|11630
6294|800
3169|530
9722|6230
5917|1290
4125|9090
6171|1750
7066|00
5095|16330
2468|900
4123|12770
2476|770
7532|1750
9009|2790
2280|380
3823|3840
8775|8000
1401|5880
622|140
6948|2960
6049|00
937|18110
5061|19480
2612|2040
3228|2040
7319|00
3665|1510
9225|14480
2787|2380
1402|16940
7162|1750
6368|19500
6387|00
3811|8740
6584|280
3886|1510
3708|7100
2909|380
9746|13710
7518|1290
123|14350
2914|19540
5558|1750
2441|3160
5436|280
3587|19550
618|3170
6413|1750
4158|14010
888|12150
5614|1390
5721|800
7965|6170
5401|1390
3369|2380
5101|3530
4497|13950
6569|1390
7919|2050
6852|1330
6594|1330
876|19590
3532|900
5656|00
6905|4140
5995|19610
8817|17480
8067|5120
5646|1750
960|19140
464|19620
9367|19630
3698|7100
5754|2320
4823|19640
9038|18960
4828|14510
4813|1180
1921|1460
6028|800
4977|19660
7576|1390
929|10420
7776|3680
858|12150
4081|16760
2239|2400
3593|1460
1622|12670
2891|3160
1442|1190
948|19710
3205|19720
9928|13840
1261|19730
7688|19740
96|13140
8799|8000
254|19770
6918|1330
8213|9630
8170|6600
8143|1830
1493|1190
2669|19800
658|3250
3119|2400
9048|14440
3453|3080
9076|2140
6341|00
8927|11320
3499|2040
1214|10410
2667|770
325|11720
545|140
1509|7190
1995|530
2014|3080
2181|770
8451|7520
6619|800
7048|2960
6790|19870
3406|1460
4190|15850
4639|2440
4762|9950
4572|19880
3403|770
4608|19900
679|11780
2725|900
489|3170
7337|2320
1796|900
7052|2960
7917|13650
2789|1460
7122|19500
8587|14280
8719|19930
694|8690
9366|3000
6161|4140
6068|1330
2018|3080
9994|19940
9672|6230
4330|19950
4287|9510
6264|19960
8238|9630
9910|3350
2920|2380
5182|9310
9287|14480
2921|770
8423|16020
696|3250
693|20000
1069|12870
2119|2040
1385|6800
6954|1750
983|10680
5028|19480
8249|9630
9554|2720
2769|530
7593|1750
449|11720
1750|20020
7009|2960
1906|380
143|13140
3996|3840
2450|380
5343|10030
3109|2400
4775|9950
8035|16010
3398|1460
4369|4690
3693|1510
1869|770
2000|3160
5049|18100
3923|3870
3037|770
6205|800
2261|900
3368|2400
5637|280
4500|13950
5691|2320
5692|1390
8895|680
9499|6230
7313|1750
5757|00
7761|3680
2546|3080
6876|2320
8184|6910
7382|1390
3364|900
4239|20140
511|20160
4443|10250
9022|7030
4324|5250
7472|00
9305|14480
4354|2510
3582|2400
4821|7570
4228|2460
1326|13850
5217|9200
6184|1330
8314|5330
9418|4720
7032|800
9233|14480
8156|9630
2122|770
387|6700
6752|2320
3357|3160
3055|1460
6440|2320
3533|530
4306|10300
6881|280
2184|20190
9694|3000
1352|3410
3486|5230
6612|1330
5704|1390
2585|900
8868|3290
406|620
4390|10250
1761|20210
6545|20220
5666|4140
7332|19300
5758|280
4654|20240
1469|20250
9340|6230
3220|530
179|18230
1413|17980
2100|17720
5122|3890
1294|15570
3684|1510
1712|20270
3672|1510
5508|20280
4409|9510
2066|20290
3519|530
9563|1680
7562|00
1193|12870
3337|1460
5442|2960
1990|3160
1507|19180
1143|2980
7945|20310
7771|8470
7735|20320
4985|15810
1780|20330
3998|1510
257|10500
1663|16790
3747|7100
4170|20340
1281|20350
1824|1460
9047|7620
6054|00
1467|7190
3919|1510
3494|3160
3933|3840
3619|770
7849|720
6974|800
1539|7190
5514|800
3391|380
4862|9950
9148|8150
8245|20400
4106|16760
1216|3600
1341|6800
4503|10270
2797|2040
958|14340
213|14090
5737|2960
2173|3160
7216|16840
55|20420
9859|4380
6053|8570
7381|00
3743|20430
225|11940
8425|15870
3095|380
9024|20440
991|8850
7494|4140
1019|5280
6779|280
7731|7350
6360|280
4389|4680
5231|10030
159|18060
9686|20470
2619|380
1561|20480
4332|2510
6845|2320
6955|1330
8966|20490
1848|380
4054|6840
3878|3760
9174|13910
9026|7030
8657|20510
9493|330
1287|5270
5323|3070
6390|1330
5220|3800
1429|17980
7053|1330
6201|1290
1918|20550
4776|2230
5600|1750
9861|13840
6808|00
1527|18930
767|18320
3444|770
5703|4140
4891|12300
1070|5780
3579|2040
4401|4690
6860|1390
9257|20580
4614|20590
7258|1390
3838|3760
250|20620
8547|3920
3012|20660
2865|530
3157|770
5554|1330
7422|20670
166|15960
9874|4340
943|18010
8978|7030
4825|19640
8707|19460
4245|15850
2142|1460
2230|20690
8383|10130
2500|2380
6728|800
8444|10130
5926|1390
8844|16610
5591|4140
2451|3080
5288|9310
1812|2400
6898|280
8610|20720
6701|2320
6914|2320
4005|4560
899|970
1202|12960
7734|3580
6768|00
8331|20740
2605|20750
1320|3410
8503|6720
9984|5000
6391|1290
9693|2720
7932|19340
7943|20780
4855|13620
4689|6640
987|20790
9770|16100
1187|5780
6498|2960
772|8700
786|20810
3289|1460
173|18060
2953|2380
7384|1750
7134|2960
1203|20850
4669|20860
4418|10250
3279|840
9705|1680
7982|20870
2652|2380
1707|7820
4211|15850
893|18220
2940|3160
7284|800
4778|16390
4598|20890
6066|2960
6733|1290
8901|7030
9276|7020
3617|3080
5548|20910
6821|8230
480|3150
21|13810
2091|2380
5710|2320
71|7180
3106|3160
99|14360
6691|00
3753|2550
565|1540
4494|20930
366|6700
2711|380
175|20970
7042|1330
5098|20990
7636|800
7412|800
6877|1290
6606|1390
6406|2320
6907|280
7251|00
6105|2320
5890|800
6953|4140
5417|2320
6640|1330
7545|2960
1944|2400
2890|2380
6634|2960
8225|6910
1399|13850
1227|1640
5224|1590
2491|900
5860|800
1760|21010
3060|2040
3051|380
2762|2040
3285|2380
3875|8740
3692|870
3571|770
4327|4660
4444|4690
4481|21030
1199|21040
2912|2400
2510|1460
1885|2040
1988|2040
4964|9280
5378|3070
7833|21050
8974|21060
7779|8470
8320|5330
453|11720
2828|1460
6035|21070
3803|3870
6775|800
6603|1290
8548|3920
4910|12780
8876|440
1608|16070
2167|900
6749|280
9529|1680
9402|14480
9500|7020
9527|3000
9794|5090
3552|530
3837|5640
2223|2040
4850|2230
3860|870
6489|2960
5634|2960
1137|8840
4736|16390
6212|4140
1971|2400
4655|20860
341|140
5416|1390
8440|9700
563|13740
3948|3870
5846|800
1007|19350
3592|380
9265|6450
2303|2400
3450|1460
8953|11320
8991|7030
8726|19930
3141|900
2701|900
4311|21120
2560|2380
446|140
8104|1830
699|11780
4884|9240
3590|3160
8169|6600
2942|530
3489|2380
6772|2320
2401|1460
814|21130
850|21140
5564|18380
3575|770
1996|770
1992|380
2108|21150
8583|15760
7793|2310
6743|2320
8399|7520
5816|1390
9515|3000
9621|14480
6424|1290
6556|1390
5063|21160
5139|21170
7633|21200
9392|14480
1049|21220
7287|280
2804|2040
5360|21230
2613|1460
6720|280
5575|1750
2051|21240
745|7650
4907|6760
2781|2400
4234|9220
7931|18500
7510|1390
4025|5510
7008|280
3949|3840
5689|1290
1833|2040
8730|5490
2913|530
5606|1390
4489|21260
7086|1390
2690|1460
6155|00
4461|2510
9913|5090
4095|3950
66|500
1396|5880
1672|17000
35|10350
3741|7100
6225|1750
6755|2960
4251|9510
3666|1510
531|11720
5496|00
6540|1330
9606|21290
6099|2320
6716|1750
4056|21310
5939|20280
9962|21330
6615|1750
6704|2320
9338|4720
2203|1460
9272|1680
2232|3080
6172|00
6209|1330
5477|21350
6256|1330
1551|19180
1765|21390
1911|2400
5501|280
6254|00
1838|3160
7820|8470
6830|14570
6114|1390
7909|13650
3125|900
9995|6090
8635|21450
2679|2040
892|12010
3038|530
1125|2980
4722|13620
632|16840
9454|4720
4375|10300
1895|3080
4405|2510
932|21470
269|15530
1649|21480
520|1540
8452|6720
8475|8140
591|6700
8619|21490
6866|1330
9055|17610
7690|5770
1870|2400
3783|8740
8492|6960
8785|5200
9136|11970
6590|1750
2750|2400
1731|21550
9771|21570
5300|3070
8070|14770
5736|1390
690|13080
3626|3080
5260|3070
8329|21580
3275|1460
8410|10130
9734|4050
8196|6910
7246|00
3864|1510
4296|21590
2648|21600
2326|18460
3282|770
6929|1750
6430|2320
550|6700
3931|870
3159|380
9332|4720
5212|3750
6998|1290
5946|1290
9634|330
1325|3410
3993|3870
1841|770
5075|21620
8663|21630
4124|5510
7915|12390
1872|3160
4268|4660
4508|11480
4697|4110
9572|3000
4785|7570
5136|21670
1403|6800
5649|1330
3926|1510
7702|4580
9443|21680
5879|280
3909|3840
5294|1470
6310|2320
1027|16350
4772|2230
901|18220
7082|00
9730|3000
9410|7020
3642|7100
7603|2960
3084|2380
8736|13810
3224|3160
9741|21700
3322|21710
6859|1330
1639|2080
5241|3800
4912|6760
4665|21730
9612|1060
6698|00
7459|4140
6849|2320
4146|4630
3615|1460
5227|1590
4472|5250
53|20420
4694|6640
2716|2380
2159|380
8109|9630
9087|17610
8088|3280
6630|1290
666|18180
8058|7780
3177|1460
4667|21750
2135|380
4663|21750
9015|2790
2829|770
8546|21760
4548|10180
1012|5280
8694|5360
2586|3080
647|19690
439|11720
651|13080
1678|18140
5490|2960
908|12150
1154|21790
9120|16750
5047|12430
7305|280
2614|3080
4777|9950
2389|3080
4563|21810
4715|7570
31|10350
4371|10300
5580|2960
5855|00
8140|10650
2820|3160
4779|16390
7615|00
9178|6250
6107|10120
6258|2320
4918|12780
6836|800
6303|1750
7823|4580
2745|21820
1940|530
2576|1460
1113|4250
914|12150
9045|19380
4757|19640
1588|7820
640|9060
9197|16750
9566|1680
7030|1290
4096|3950
4024|9090
716|9980
3830|8740
1350|17980
168|11180
5011|15030
344|140
843|21900
3967|3760
1887|3160
8270|6910
4136|21910
17|19030
6189|00
4206|9220
7277|21920
3313|1460
2370|770
9949|21930
5695|280
4990|18810
5671|4100
7738|16490
5929|2960
3013|21940
8544|21950
7976|11990
8273|6910
5045|10570
706|15320
6218|2960
8549|3920
2447|3160
682|20000
5251|4610
2332|2040
2047|770
1523|20250
9236|2720
6134|280
4976|15370
5064|18840
426|9810
1719|21990
3966|3870
7549|1290
9385|14480
4441|9510
6230|2960
7087|280
4535|8340
7526|22000
5186|3070
1477|7190
2001|3160
2582|380
3361|2040
4533|21810
7630|1330
5659|5360
4173|22020
442|3170
289|22030
1343|6790
841|10970
2693|2400
1327|6790
6378|800
9135|16750
3148|530
7905|12350
7387|00
9383|6450
6665|4140
3894|8740
2739|1460
973|14560
8398|10130
1981|3160
1135|10090
680|18180
4174|22020
417|11700
3498|900
266|20920
5465|4140
191|22080
1903|22090
9469|3000
753|6120
8687|22110
4177|16310
2939|2380
1759|22150
4764|1180
8531|6470
64|500
6599|800
9447|4720
3090|2040
3658|1510
4894|20170
1044|21220
3848|7100
7623|800
4763|22180
2568|770
5041|19480
3706|1510
570|11700
5734|00
1348|6800
7579|1290
7121|1290
1686|4240
2058|530
8059|1830
6416|13680
7520|800
5788|22190
7994|550
8952|11320
2472|2040
9132|16750
4169|4630
2873|1460
8881|12760
6275|1390
7220|4140
1340|13850
5201|9310
2105|3080
4600|22290
4795|16390
6327|2960
3479|900
6605|4140
7791|720
293|6700
6957|2960
5250|1590
9374|4720
7019|280
4277|22320
788|21130
1802|530
190|22330
2002|22350
9638|7020
8457|14130
7692|5910
4793|1180
5117|13080
155|4030
3586|22360
6928|280
7551|1390
2540|900
3162|770
4331|22370
6966|1290
3932|22380
8080|1830
1244|1640
7580|1330
7350|00
6517|2960
8346|8230
9062|18960
5219|9310
8015|22400
1613|22410
3408|2400
3487|3080
8749|13810
9700|7020
1976|3080
7991|22420
1482|5680
859|10420
41|20420
4450|4690
3616|380
4304|4680
5019|15030
6102|2320
8439|16020
3167|900
8250|22440
4449|10250
6719|800
7136|2960
42|7180
8229|9630
477|3150
8235|1530
6802|1750
1346|13850
9555|6450
8588|21760
2089|380
5610|20680
1537|7190
1724|22470
7954|22480
5579|00
9713|22500
9932|13840
4073|3970
369|5160
1936|770
8631|530
8606|22520
2368|380
1337|13850
1284|15570
1685|18140
7079|2320
8224|1530
8376|10130
125|16730
856|12040
1964|3080
3086|3160
913|4350
702|22540
8299|5120
781|8700
6670|2960
6038|4140
2301|530
3165|1460
10|22550
3000|900
6692|1750
6620|2960
1797|900
5628|00
5799|19090
9772|13710
5786|18510
1532|18930
5753|1390
4104|5510
8183|7780
6542|1290
4495|18750
6971|1390
5625|1290
4346|8020
1575|17000
9279|330
3720|3760
4712|6680
5263|22580
8468|19440
823|3890
2291|3080
5988|280
2242|3080
4453|8020
2674|22590
605|140
6926|2960
6706|22600
4792|22610
2548|900
3540|900
2884|2040
8915|14610
3969|1510
5674|2960
6448|280
7865|12420
14|22630
773|8700
6288|00
8142|3280
4744|7570
8090|22640
1591|2080
8153|1530
5769|2960
8300|3280
9173|11630
9134|16750
3834|3870
2364|2380
8361|22670
8195|14770
3181|22680
7140|1390
7740|8970
9518|22690
2792|1460
7713|8970
8481|6720
6270|1330
1466|18930
4022|3950
7752|16490
1715|21990
3276|770
6431|4140
6666|4140
3390|2040
8393|50
9814|4840
3288|3080
7892|12390
8790|5200
4878|1180
5532|1290
4241|2460
4235|22020
660|3250
9731|3000
8065|1530
4045|3970
9013|9800
6495|18050
1496|5680
6217|22720
2557|2400
2581|1460
809|21130
4579|22730
4407|22740
4567|22750
62|17860
6110|800
273|15530
5806|1750
1827|530
3028|530
4034|4560
6060|800
6853|280
6229|00
1131|12870
6487|2320
7037|2320
3852|1510
4704|1180
4718|22780
3689|22790
103|10860
1783|3080
7275|280
9969|22800
9511|1060
5707|1750
8121|3280
9508|1060
4545|22810
5398|22820
6789|1330
8508|14130
4605|22830
2288|3080
3158|2040
7014|280
807|7200
7984|6170
1345|17980
8681|22860
82|13660
8473|6720
5538|00
7286|00
5607|4140
4575|8340
4147|4630
4039|12770
7588|4140
9973|18410
5471|2960
281|22890
4556|19880
8905|7030
9200|12940
7088|2320
9123|7480
1683|16790
5950|800
620|620
3488|2040
3798|1510
8231|7780
265|15530
1850|2400
2516|3080
76|15880
830|21900
737|15320
8178|6600
5020|12430
482|620
5534|280
5031|18100
9810|12080
4312|2610
7208|4140
5910|2960
848|21140
9108|19380
8370|22910
7855|3580
3217|2400
964|14560
9847|22920
6266|00
2287|2380
3290|1460
6985|2960
7339|280
3829|7100
4839|19640
5602|22930
5859|800
4502|18750
6764|280
9677|3000
424|9810
3098|900
3597|22940
7070|2320
4637|2440
7886|10750
7464|1290
3862|5640
811|7200
3816|3840
5312|3750
1894|530
6334|1290
3989|3760
5491|1750
9470|1060
4229|14010
7301|00
8765|13200
8857|22980
9105|2140
7774|8470
2903|1460
2685|3160
361|11720
576|9810
133|13140
1927|380
6857|280
3349|380
4646|20860
2501|900
9584|1060
9683|330
9854|4340
8712|23000
4274|10250
2831|3160
2683|2400
1351|10170
7094|800
6831|1390
6403|1290
3083|3080
1058|19490
4892|12300
3526|380
6280|1750
3639|2550
5184|9310
6514|16360
8454|15350
6964|2960
456|140
9899|5090
8806|440
9053|17610
9204|13910
5008|23020
1200|20850
9421|4720
8193|6910
7687|15250
3306|3080
1458|18930
3432|900
5177|4610
8525|8140
4984|15810
8762|2690
170|23030
8538|6470
1089|8840
8426|9700
1702|18140
4109|6840
9538|1680
2786|2040
8018|16010
5608|2320
2531|2040
7611|4140
725|7180
1241|3600
1538|23050
4507|11480
6012|1290
7095|2960
9990|6090
7572|2320
3650|8740
4768|19640
4803|2230
4774|14510
7620|800
1305|10080
8830|12760
1106|2980
3061|1460
2910|900
3525|2380
2418|3160
6326|1390
4026|3970
3782|2550
5740|1290
794|7200
3421|3160
7|23100
2034|3160
903|12010
2672|2400
995|23110
3409|3160
187|11180
6048|00
1820|1460
4357|4680
2800|900
2719|23120
2197|3160
6722|4140
4338|9510
1829|2380
597|3170
9377|23130
547|680
160|23140
574|11720
516|3150
8979|7030
7682|23170
1032|8850
4602|17130
2213|380
2446|380
1845|1460
8188|23190
6649|00
4425|10250
9214|16750
7451|4140
2816|380
8677|23210
3174|900
8940|7030
1052|23240
4417|5250
3742|3870
2262|900
6871|2320
5711|2320
8591|14950
3507|770
1001|13280
4412|23250
9565|14480
1530|5680
5785|1390
9534|14480
3370|1460
5478|800
6538|1290
3867|3870
4167|14010
5629|1290
2635|530
3070|770
8732|1120
4865|9950
3651|1510
7889|13650
4857|13620
4680|23300
3641|5640
3943|3870
1034|19350
3614|23310
6422|2960
7244|4140
9372|1060
4176|16310
8434|50
7031|1390
6029|1750
2830|3160
6139|1390
1404|20710
9509|7020
1138|9960
9347|1060
2042|900
1733|1270
6935|800
6238|1750
470|3150
7963|6170
1291|10310
566|6700
3420|2040
6346|280
3352|900
1461|4160
551|3170
5673|20220
5940|280
7354|4140
8216|6910
9703|3000
9113|14440
5175|3800
377|1540
5462|2320
2526|3080
4307|23330
2794|2400
6608|1330
9213|13910
5660|800
2455|530
3675|2550
2329|3160
5160|3750
6118|1750
6192|1390
8311|5330
309|23380
4484|23390
4221|2460
3918|3760
2186|2380
3155|3160
2967|2380
4789|19640
5781|1330
3424|3160
283|23420
3721|3870
8043|16720
1047|3650
4830|19640
1857|900
1253|3600
5025|10570
2746|1460
9430|14480
8278|1530
8743|2690
8114|6910
3286|380
6910|1390
9747|13860
9274|3000
2634|530
8564|20720
8382|7520
756|7650
9288|2720
9492|4720
4932|20170
7763|2330
9992|11130
7163|280
5242|3070
1042|16350
46|500
2898|900
9277|14480
2153|380
6030|800
9832|13840
2006|2040
939|23500
2211|3160
8312|5330
5664|280
3180|530
8962|7030
9576|23520
8356|23530
1239|1640
5210|1470
1764|23550
1276|910
7657|5770
2742|1460
6003|1750
9546|3000
3066|2040
1300|10080
4657|2900
2349|2380
403|1540
3906|3760
1544|1190
6098|2320
5605|1330
6008|1390
6138|1290
199|23570
9520|330
3955|2550
7556|1390
7092|1390
6922|2940
5447|280
2938|3160
206|23590
7546|1390
5636|00
4082|16760
5822|280
7653|5910
1210|10410
2723|380
7648|5770
7718|720
1813|530
7714|2310
1779|530
2705|23600
9519|23610
8150|10650
1740|21550
9207|12940
7364|1290
5861|23620
1865|3160
3937|7100
614|140
6021|4140
6972|2320
5504|4140
8550|23630
3251|2400
8859|5200
310|3150
5766|2960
8268|6600
7997|550
5871|00
2861|2380
8101|14770
3709|7100
3802|5640
3079|770
4700|23640
8226|1530
4867|23650
8421|15870
3439|380
601|9810
527|1540
8146|23670
2256|2040
5460|1330
4626|2440
3728|8740
8586|9710
8837|5200
744|12510
8568|3920
5727|800
3765|3760
7420|1330
5804|00
6661|16500
2219|530
5773|1390
3609|2040
503|3150
2160|770
208|23710
8793|8000
1793|2400
5518|1390
826|6730
2007|2400
6453|00
7084|280
7541|23730
1705|7820
3610|2040
4561|13810
9049|2140
4086|3970
2371|380
6253|1390
840|21900
851|23740
8758|23000
1571|18140
3002|2400
6683|1330
5648|2320
3553|1460
4882|13620
6563|2320
1260|23760
5550|800
3573|2040
6349|00
4242|15850
6880|800
9194|11970
6373|23770
8409|2190
751|19000
2365|380
7484|2320
7725|16490
475|11720
3887|7100
6039|800
4223|16310
9764|23810
2758|380
5899|1390
5728|00
3278|23830
9721|6230
5446|00
9516|6450
2569|2380
9432|3000
9778|13710
2777|900
7678|5910
1102|4250
6444|1330
8722|13810
9646|4720
8649|15740
9564|23840
7881|2050
5362|1470
6108|1290
1073|4770
7335|1290
9522|23850
148|11370
2200|900
5858|1390
459|11720
8570|21760
5903|00
5265|9200
6951|280
7213|1750
7885|12350
1859|900
7754|23870
5992|800
1654|1820
9182|13410
4275|23890
8175|6600
9622|14480
5925|280
2137|2380
8919|4090
6454|1290
6949|23900
4944|12780
5236|7060
373|1540
4057|6840
9963|10770
9224|12940
8501|8140
37|1170
3618|2040
1817|900
9400|6450
9552|1060
6031|1390
5480|2320
4872|9240
8368|23920
2490|2040
5640|2320
1212|910
5062|3500
2046|3160
1421|6800
7825|8970
984|10680
4027|16760
2623|2040
4303|5250
6729|4140
9275|7020
4847|1180
3258|2040
4958|3960
9263|2720
1886|3080
2934|23950
1552|23960
4519|22810
6311|4140
526|3150
4589|10940
1256|10310
5348|4610
7925|23970
3032|770
5276|9200
5414|1750
1140|5440
6034|1330
4808|14510
2851|770
1279|10410
7875|3510
9484|6450
7191|1290
9618|14480
5876|800
423|9810
2624|2040
8456|6720
2901|3080
4816|14510
2227|900
1354|10320
5749|2320
5213|3800
8126|3280
5569|6570
3895|3870
2842|770
4151|22020
1581|17000
9345|3000
9044|18960
298|3150
7365|800
5424|1290
8157|24020
1646|3270
9281|1060
6642|1330
8386|2190
6967|1390
7891|23970
990|13280
6989|00
2170|24040
1163|5440
1704|16070
9104|9660
3268|2380
245|24050
2076|1460
3304|24070
5746|1750
3247|2380
7561|2320
4204|24080
1118|12870
1388|20710
7106|1330
1599|7820
4514|18750
5204|9310
7847|16490
6589|00
2328|3160
485|11720
8303|24100
5492|1390
2054|2380
8139|5120
5320|1470
9598|4720
404|9810
1046|24120
7488|2960
1298|24130
1414|6800
6839|1390
7592|800
8715|13200
3818|3840
5934|2320
1110|5780
3703|1510
391|9810
2544|2380
4854|6680
4783|1180
5604|2960
6919|1290
6267|24150
8392|7520
5853|00
6146|2320
9266|4720
5631|2960
8577|24160
5589|1750
9923|24180
7225|1290
3477|530
7939|24190
3976|3760
3917|2550
9756|13860
4142|15660
2518|770
5005|1260
5156|3070
4433|4690
3259|3160
7171|1390
8108|7780
2651|3160
3076|530
2824|1460
6844|4140
2097|900
2251|380
8232|24200
323|140
1669|16790
1919|2040
7802|4580
9163|8150
1896|24210
5423|00
9457|330
1145|4770
776|8700
339|3150
7824|2330
3522|380
6677|1390
9799|5090
2821|530
4906|6760
8099|6910
8769|2690
211|23710
8893|24240
9974|21930
583|3170
1542|4270
4541|2590
6807|1750
9125|13410
6804|800
4560|19880
9278|6230
4477|18780
3121|770
6560|1330
9267|6450
1766|22150
7947|19330
8145|10650
5208|9200
8914|24260
2597|530
1893|900
2379|770
866|18220
5552|00
5581|2960
1814|380
9343|1680
4071|3970
2922|3160
7499|1290
8507|15350
8248|1830
5373|1470
9494|4720
312|11720
7039|1290
2644|2380
7679|3720
1798|2380
3257|380
6805|4140
3733|2550
1359|6800
5982|24280
3853|1510
4807|19640
2691|3080
4566|3210
2483|3080
4585|21280
5342|3800
1611|16790
4258|4690
9608|6450
6463|1750
578|11700
2300|2400
8062|6910
6671|2960
2264|2400
9030|4090
3700|8740
5388|24300
4640|2440
3215|2380
4213|6500
3040|770
1692|2080
7858|10750
4987|19660
7989|24320
3725|3840
2194|2400
6762|2960
1901|770
3606|3080
3430|3080
5279|1470
7433|2960
1295|910
5155|3070
6742|1750
6644|1750
444|11700
1882|2400
1808|3160
3857|8740
1560|15820
4592|10940
1546|6280
6150|800
3591|770
9362|14480
3471|530
128|14360
4537|13810
2997|3080
5272|10030
588|11720
195|9270
392|140
7340|1330
3739|870
2930|24340
1958|900
5545|1330
7118|24350
5059|3500
7204|4140
4619|17490
9290|6230
5949|280
5958|4140
802|21130
1060|4250
5135|21670
2834|900
6401|1330
2116|530
9953|24390
4420|9510
2646|2380
8407|9700
2195|24400
5130|24410
3041|1460
1638|4240
5537|280
1384|24420
1119|10090
3514|2040
5230|4610
146|13140
9639|2720
6739|1330
3367|380
2686|1460
8592|1620
6262|2320
530|6700
7613|24430
7317|00
6383|1750
3638|3760
9710|24440
883|18220
2984|770
8988|7030
2578|2380
4570|21810
9023|24460
8347|20740
1174|8840
5557|1290
9306|24470
4059|14120
4380|24480
7212|1290
6040|1330
8851|16830
5487|2960
4937|990
8323|24500
6361|280
5943|1330
7288|1750
5872|1290
4930|6690
7870|23970
5114|3890
2680|530
3379|380
8678|24510
1938|3080
6018|1290
5452|280
820|6730
4062|3950
4690|6640
2751|2040
4836|22950
3067|1460
2655|24530
3426|3080
6215|1290
2846|3160
2986|380
2146|1460
2278|3080
8174|10650
4164|22020
968|14560
1189|5440
6730|1750
1713|16180
7276|1390
9549|6450
2064|3080
3995|1510
7988|24550
9491|14480
1183|24560
110|6820
789|7200
6629|1390
4587|10940
2036|3080
1035|23110
8277|14770
500|5160
3007|530
3570|770
5856|00
3851|8740
236|24570
5391|24580
6648|2960
117|13140
1855|3160
3468|3080
57|10350
6479|1750
1729|1270
8288|9630
6467|2320
4890|110
4620|24590
8714|5490
1521|18930
5264|4610
1723|21990
8431|10130
2360|770
1147|10090
360|11720
2017|380
288|1540
985|24600
6024|00
8898|24610
8511|19440
594|3170
3245|3080
4197|24080
1915|3080
2722|770
1670|12670
6763|2320
5456|1390
7730|8470
9842|4380
6057|1390
1809|770
9759|13710
9144|11970
4233|6500
3959|5640
6385|280
4243|24080
9648|14480
7123|1390
6933|4140
8438|9700
7267|800
6586|15000
4154|22020
3031|900
2138|1460
6721|1330
5652|19090
1775|2380
4845|9240
9641|4720
1861|530
9765|23810
386|24650
7878|3510
9235|14480
4770|6680
3433|1460
895|17870
8493|24660
3146|2040
5339|4610
5894|00
8763|5490
270|19230
7597|1750
4272|2610
5262|1590
7894|12390
5395|24580
1299|17980
3126|2380
8505|24680
827|3890
8472|15350
4971|1260
4350|24690
4969|3960
5048|3500
6324|9000
4967|15370
1479|19180
3346|3160
7432|1750
121|13140
1923|2040
8419|24700
9027|9800
6081|00
3648|24710
4822|24720
5989|280
2717|3080
3310|1460
4185|2460
1338|10080
6279|800
7669|13320
7323|4140
2988|1460
4574|2590
1323|5880
7616|280
3451|2400
1059|5780
7126|2320
2235|3160
1289|1010
2026|3080
6293|1750
3324|3160
8804|16610
7211|13830
9657|14480
2637|2040
5782|1290
2687|900
3397|3080
2399|2380
2319|380
2697|3080
2888|770
3534|530
2032|380
3567|770
3308|3160
3879|1510
3345|3160
3108|380
3394|2400
2916|380
2250|3080
2493|3080
7403|1750
7985|20870
6295|2960
4475|4680
6911|280
7347|00
6513|1290
7455|1390
4538|13810
7348|00
1197|21040
2694|24750
5850|800
4658|23300
4645|23300
5886|280
4706|9240
7473|2960
5964|800
7247|1390
5975|1390
8860|11750
5137|24760
5771|280
6397|280
7722|720
7320|1750
7739|16490
7874|12420
5572|1750
4456|10300
862|12010
8074|14770
4711|6680
5642|2320
1945|3080
7873|13650
51|1170
8526|6960
7710|8470
5857|1330
8518|14130
6242|280
8601|1620
8607|24780
413|9810
592|1540
7953|6170
7959|20700
2048|3160
6753|1390
8874|5200
2435|3080
803|21130
8971|14610
9114|14440
9043|11400
1856|530
4939|6690
650|18180
435|5160
9489|14480
9328|14480
1690|2080
1152|18490
9866|3350
106|24800
69|15880
9323|330
8306|5330
4952|24810
421|9810
4000|7100
5553|2320
2237|2400
6075|280
5735|16500
6858|4140
7514|2960
631|24820
752|7650
4540|11080
7026|1330
1698|4240
8869|16610
3347|530
1336|10320
9530|3000
879|4350
1226|10410
2837|3160
8873|16830
3801|7100
9697|7020
9666|1060
9809|4340
9615|6230
9004|7030
8460|14130
5406|280
4965|4320
4899|20170
3150|2380
9422|14480
1211|1640
1543|6280
1852|1460
29|10350
8945|24260
3660|1510
1557|7190
6278|800
7200|800
1456|20250
4248|10250
3942|24850
1252|8910
40|15880
1445|1190
4635|2440
3325|24860
2810|3080
9813|4380
3647|8740
867|4350
7011|24870
2943|24880
6503|23010
5150|3750
7004|1390
6819|1390
1292|1640
7600|4140
1419|20710
6224|19300
9614|6450
1695|2080
497|20160
1777|770
7044|2320
8664|23210
5866|1390
9190|8150
9264|4720
7799|3580
1474|19180
3114|2380
5451|00
1499|20250
5321|9310
3776|8740
9775|24920
7958|11990
3336|3160
561|24930
2937|24940
6769|1290
4970|3960
4400|9510
1989|1460
2453|900
5337|9200
460|5160
1003|16350
9069|19380
311|1540
5543|00
313|620
915|16970
3233|380
6652|2960
2363|3160
9506|6230
161|18060
9787|4380
1965|530
2610|2380
330|6700
8351|24980
8416|7520
7666|21210
2178|2400
8116|14770
4664|21750
1728|1270
4758|9240
5762|1290
4995|15370
9270|25010
4009|3970
4914|110
6232|1330
2749|770
3392|530
4621|2440
5066|2410
2482|530
2115|2400
818|3890
5110|13050
1745|20020
2|13810
777|25050
3517|2400
5529|800
97|13140
6166|19960
7900|13650
4981|4320
5243|3750
1994|770
9201|16750
5595|00
2628|770
2285|3160
1297|25080
243|22490
253|20620
6307|2960
687|10690
3237|2040
4366|10300
4957|15810
5427|2320
8009|19130
7482|1330
9473|3000
5963|1290
2906|770
4966|9280
6843|2320
3512|3080
367|3100
7906|13650
8068|1530
6135|800
1204|20850
3161|2040
7903|25090
7764|25100
2437|2380
6574|800
5730|1290
596|5160
5033|15030
3690|25110
7235|2320
3452|1460
4278|10300
9688|3000
8191|3280
8821|9040
6122|15390
1463|4160
6486|2320
1379|6800
3373|2400
9261|6230
3927|8740
7626|280
2653|2040
6832|2320
9844|4380
9159|16750
7729|25140
8252|5120
1880|2380
6131|00
1050|21220
3208|2400
2980|3080
4552|25150
2113|2380
4630|2440
8262|5120
9912|13840
967|25160
6084|4140
2503|2400
5418|800
3384|2400
2896|2400
5954|25170
7059|280
1208|3880
494|11700
80|20420
2657|2400
8489|6720
1247|10310
292|1540
3166|3160
4214|22020
410|3170
5633|800
2202|2400
2752|2400
447|140
787|25180
1370|5880
6863|4140
5500|1390
2182|2380
7049|00
3015|770
6226|1390
8534|6470
1077|4250
6052|1290
617|140
3564|3160
9463|3000
8078|3280
4983|18810
3685|870
6527|2960
8685|25200
6524|4140
9091|25240
8870|440
3611|530
6596|25250
3905|7100
2114|2380
6681|00
2208|900
9880|12080
9229|6230
3791|2550
7067|1330
2156|2040
9637|330
9510|3000
9413|2720
1031|13280
2616|2400
9034|2140
1161|10090
626|11720
8553|15300
4360|4680
8497|6960
6508|2960
3140|380
3779|3840
1960|2380
6193|1390
6796|4140
8903|7950
8446|15870
6800|800
6126|21920
1317|5880
7696|5770
2323|900
222|9460
4368|4690
1648|1820
2788|25260
8344|3890
6651|4140
4097|25270
5316|3750
5444|00
8342|20740
5802|1290
2507|3160
7133|1390
8612|15760
9032|19380
1282|1010
4301|5250
6129|1390
763|8610
1955|2380
5702|2960
1259|25290
3716|870
8824|12760
3266|3160
949|25300
2474|380
2935|900
7104|2960
5968|1330
2587|900
4224|22020
8293|14770
8055|9630
6694|00
7085|1390
6355|25310
2353|530
9769|13710
5756|800
3550|3080
8956|9800
6883|1330
9436|6450
2572|900
7282|1290
8363|25320
5719|2960
1324|20710
2240|2400
581|1540
4093|14120
132|10860
6715|800
25|13810
7859|25330
2492|900
3939|25340
9890|4340
3972|2550
4917|20170
9965|8660
2712|3160
9394|6230
2872|2400
6198|1330
5559|1330
1795|2380
5945|00
4622|2440
7389|800
3500|900
5282|9200
6420|1290
8841|25350
947|14540
3670|1510
7390|1330
2012|900
5970|00
8125|5120
3774|1510
7013|800
9679|2720
9433|2720
4949|25390
4226|6500
7096|00
8165|9630
637|16840
4007|6840
673|20000
7177|280
1772|770
4705|9240
9650|13660
8483|8140
2383|770
9408|1060
8280|3280
3428|770
3620|2400
9093|25400
3435|770
4905|12300
8355|25420
1262|10410
9065|18960
3382|1460
1427|13850
1849|1460
6930|13360
2245|2040
152|16730
506|1540
9196|7480
8022|19130
6020|4140
2074|1460
5455|00
5361|9200
5473|1390
4568|11080
9946|15650
2580|380
9629|1060
1101|8840
1515|1190
6169|4140
6813|1290
7406|280
7850|4580
238|11910
2053|530
2485|2400
8297|1830
8746|1120
5374|7060
6506|2960
805|7200
6983|800
9192|7300
8159|25450
5035|3500
7748|3580
2761|2040
8417|25460
9748|13710
8194|1830
1267|8910
3381|1460
1376|6790
1975|530
4707|7570
4269|2510
1616|18140
8908|2790
7468|1390
184|7870
6443|11030
3115|3080
9623|7020
3740|5640
1642|3270
77|3560
1697|16790
4089|9090
4769|6680
3171|530
9460|2720
317|3170
3973|6580
3986|870
1457|4160
6318|1330
9589|2720
6228|5390
4003|2550
4926|110
115|14360
4361|2610
8120|1830
1136|4770
6578|1390
8131|5120
8244|9630
7164|280
8833|16610
3474|3160
2845|1460
2911|770
2740|770
5191|4610
8379|180
9964|18410
8073|7780
9559|4720
6056|19300
362|11700
926|18220
8827|25480
7683|21210
5936|1290
4133|24290
1755|23080
6022|18620
8474|6960
7656|5910
7060|22600
7050|800
5978|25490
1738|21550
433|9810
4356|2510
1096|5780
9898|13840
9357|6450
7486|800
6195|1750
8967|9800
4195|2460
8650|21450
7543|1390
7041|1330
8943|9800
7509|25500
519|11720
8795|25510
7531|1290
5898|4140
4708|13620
3056|2380
1310|10170
9202|8150
4742|9240
1446|5680
8243|9630
6178|1750
7952|11990
9444|330
8|22550
522|3170
4972|4320
5821|1750
9054|7620
4925|16930
1844|900
3027|530
4759|1180
4516|19880
3316|900
8617|15760
1177|10090
7289|13310
8537|19440
5380|10030
6595|4140
9848|5090
5324|25540
6537|00
6894|1290
8406|25550
6913|280
4302|4660
3472|3080
3343|380
634|24820
7345|800
7811|720
6154|2320
2395|2400
4319|4680
993|8850
824|3890
4924|990
7326|00
4796|2230
1192|10090
8221|25450
2982|530
9398|25560
923|970
7150|1330
9975|22800
8106|1830
8171|1830
1476|1190
5371|4610
2768|380
1983|3080
3440|2040
6530|1330
533|620
223|25570
3556|380
6344|00
9|19030
284|23420
3947|7100
4270|4680
931|12010
337|6700
7371|1290
2309|25600
6518|4140
8051|6910
623|5160
7443|1330
9526|7020
8333|3890
3078|2380
1160|25610
1322|16940
7522|4140
7172|25620
4465|2610
4348|8020
8535|12310
6180|1290
2350|380
971|230
6945|1330
5434|13360
2397|25640
1618|12670
6673|20280
3366|380
3418|530
7949|25660
6231|800
2147|380
5613|00
5104|3530
7877|12390
249|24050
3062|3080
7175|2960
5383|3800
8764|23000
2015|3080
8880|8000
3131|900
5188|3070
6261|1330
3073|380
6194|25690
1671|12670
946|14340
8935|7990
6950|1290
2638|380
3530|2400
1424|16940
4098|25700
3825|19560
7585|1330
3102|3080
8017|16890
3338|1460
5386|25710
4829|9240
9019|11320
1655|2080
4938|16930
452|3170
6920|1750
783|25720
9562|6230
7736|2330
471|3170
8826|11750
1970|2380
3124|2040
8590|9710
1217|5270
7130|25740
5425|1390
815|7200
6872|25690
7632|00
9112|17610
4685|20860
7156|2320
9852|10740
8418|25750
4740|6680
2661|1460
9624|4720
9972|18990
2931|770
8348|25760
4325|2610
4355|8020
5764|1750
9811|22920
5198|3800
4196|6500
1606|2080
5381|3070
5340|25770
1626|25780
1910|2400
3832|3870
8752|13200
9211|8150
3761|1510
6939|00
7650|19740
7414|1290
3929|25790
2060|3080
5654|4140
3077|3160
4846|2230
7664|5770
8510|12310
8173|3280
5837|00
49|17860
2776|530
5367|9200
2272|3160
2972|770
672|3250
4032|1880
7169|1290
9980|8660
5797|1750
432|11720
7144|00
4422|4680
4092|4560
4651|23300
3353|2040
502|620
6766|1290
4782|19640
9906|22920
126|24800
800|21130
1770|25800
4527|11080
3841|8740
5667|1330
6636|1330
1506|5680
3809|25830
7297|2320
2393|2380
271|19230
4102|3950
6045|1750
6271|1390
3529|2040
2681|2400
710|7650
6468|1290
6402|1290
4340|5250
8555|3920
407|140
7974|6170
7924|23970
3726|3870
3475|25870
2887|2040
3746|3760
5445|280
8665|25880
3332|2380
5112|16280
2392|1460
902|10420
5993|1390
1819|3160
7478|2320
978|25910
3342|2380
3082|25920
6305|1390
5617|280
3112|3080
3448|900
905|12010
5935|1390
3679|5740
6077|1390
6904|1290
8448|7520
9329|14480
6367|1390
6522|1750
4267|5250
342|25930
2799|3080
2650|770
1687|16790
608|1540
9167|25940
1061|5780
1635|4240
9212|11630
1371|5880
3230|1460
2611|25950
349|620
1864|2380
9401|1060
7643|1390
2229|25960
4681|13770
7980|6170
5905|1390
9503|1680
7203|800
2867|2380
1727|20270
7695|5770
5123|13050
5930|1750
3850|2550
2038|2380
7441|2960
7993|25980
3645|3760
6465|2960
8405|50
4499|25990
3970|3760
8925|4090
6870|280
6111|2960
286|140
2979|380
4262|9510
6352|280
9059|11400
261|17530
8276|1530
3601|3160
1366|16940
6834|1390
754|9980
2780|900
3333|770
364|11720
6888|1330
8464|15350
604|3170
5354|1470
5168|7060
4555|2590
8133|1830
7777|26020
1358|17980
1898|3080
5966|280
130|26030
18|19100
4688|6640
4615|26040
5688|4140
2165|530
2179|1460
8812|12760
3024|2380
8411|25550
2357|26070
2498|530
9128|26080
9286|4720
9000|11320
8192|7780
4271|4660
8111|26090
9482|10080
7681|13320
831|13480
2335|2040
9815|5090
1517|18930
9720|4720
8261|10650
32|17860
3057|380
1594|16790
8779|9040
9378|3000
7334|2960
4178|14010
4684|20860
1363|6790
1382|13850
2190|26100
1632|12670
1536|15820
9057|18960
2856|530
379|140
9241|1680
7625|2320
641|16840
9479|4720
233|24570
8992|7990
8141|10650
8598|21760
8832|16830
698|26120
3097|2400
6827|1390
1900|770
7352|2320
4747|9950
8985|4090
6519|4140
196|22330
1811|2380
4406|26130
282|26140
3039|530
7165|1750
5370|9310
4191|9220
9834|13840
5493|1290
2631|530
9632|14480
8818|26160
7790|26170
2106|770
8907|7950
6257|2320
8079|3280
2588|1460
4298|4680
9719|2720
6137|1390
4730|6680
4265|4660
1791|770
8208|26180
4217|24080
9513|1060
8542|1620
3975|3870
2438|1460
4460|5250
6207|800
6106|1750
3395|3160
880|5060
1492|4270
6552|4140
5650|280
437|140
9840|4380
3256|530
9981|26190
3769|8740
8828|11750
933|18110
8011|12930
5933|1290
9321|3000
2124|1460
8117|26200
3528|3160
9797|4380
2277|26210
3355|3160
9803|13840
8589|14950
8253|9630
4532|26230
3792|3840
1603|16790
3318|3160
9228|26240
4334|9510
8633|26250
4335|2610
3945|870
4437|5250
670|10690
9477|6450
2880|3080
7501|800
6480|11300
4754|7570
2488|1460
1409|6790
8201|7780
226|24570
7898|2050
5739|00
8138|10650
8294|10650
9802|4340
2093|1460
441|11700
4794|9950
390|3170
2875|530
1675|16790
5071|5890
3405|1460
6483|1390
5565|1390
469|3150
6312|00
255|22970
4702|6680
7800|2310
3922|2550
3652|1510
4954|19660
2132|530
2718|380
4207|22020
9031|6130
7755|16490
7128|00
6439|00
653|8690
8801|440
5167|9200
1541|6280
5990|800
9668|1060
2079|1460
3536|26280
7660|21210
6609|1750
4041|14120
3033|530
1950|2400
3481|3160
2666|530
3786|8740
9712|14480
5874|00
8077|1830
5584|13310
4108|14120
9206|7300
1877|2040
5522|2320
7508|2960
181|11180
3749|5640
8076|6600
5164|1590
6587|280
3821|7100
9792|5090
7215|2320
9783|4840
92|14360
3267|1460
162|7870
8298|6910
3264|770
9581|330
1569|2080
7129|280
304|140
3717|7100
3153|900
5542|2960
5551|800
6829|1290
3075|3160
645|3250
3686|3870
1866|900
8360|22670
5795|2320
7069|1390
5368|3800
1240|5270
4052|5510
6414|800
8007|16720
6885|2320
9183|11970
454|11720
6265|280
7841|8970
4766|2230
7567|1750
1053|26320
9993|11130
5502|280
9541|7020
7929|26330
2621|530
1643|1820
4329|10300
4042|12770
4726|2230
4116|4560
316|11700
7787|16490
925|10420
3911|2550
7956|24320
7072|1390
7375|1330
7723|2310
9098|18960
7467|1750
6613|1750
6770|800
1021|16350
3107|530
3470|3160
368|1540
543|140
9738|15930
8797|440
1157|19290
6679|1290
7860|12420
6635|1290
3812|3840
6892|2960
8646|21800
7477|1330
8689|7070
2567|3160
7920|10750
9189|12940
8301|10650
3415|900
6112|1750
4612|26400
4240|22020
4199|9220
1633|4240
244|26430
4227|26440
358|1540
6799|1330
267|20920
8733|23000
1773|3160
7135|280
1754|23080
4650|26450
5819|1290
3653|3840
448|6700
2252|26460
3149|2400
8179|6600
1120|4250
8810|8000
6997|26470
4584|13810
1123|12870
3327|770
9210|11970
5931|800
2974|900
6575|4140
4247|4690
1590|2080
6735|8570
4840|2230
8938|4090
7497|2320
8698|5360
2615|2040
259|19770
7770|4580
9359|1060
2964|3160
8999|11320
2377|2380
7602|00
4466|4660
4488|25990
1280|910
6128|1290
5234|7060
2083|380
4610|20590
5000|1260
1237|8910
3828|8740
9124|21580
5278|3750
9375|6450
5731|800
47|7180
6343|1290
8132|1830
7638|1750
8674|26510
2487|3080
1737|1270
2678|3160
8580|3920
3443|3160
6471|800
4661|23300
3423|2380
2809|3080
2924|3080
7147|26580
676|10690
9285|4720
1103|4250
4141|22250
3042|1460
4617|26590
6446|1290
2010|1460
1757|21390
5663|1750
9052|25400
5908|2960
2660|2400
4442|4660
6553|2320
3524|3160
6975|2960
4128|3970
4720|9950
8158|6600
6093|4140
2454|1460
9885|4340
7369|280
821|6730
9592|26610
1266|3600
589|3150
4314|5250
966|26620
3446|3160
8771|19460
171|11180
9172|13910
6566|4140
7415|1330
1498|7190
9073|11400
2345|3080
6684|280
6419|1390
6010|2960
5479|13310
509|3170
1127|4770
9289|3000
8313|5330
3365|3160
6656|800
6987|280
1185|5780
8791|5200
3255|1460
1264|1640
6062|1390
1987|3080
5205|10030
1190|8840
9020|7990
9474|14480
7202|1330
5932|1750
3447|900
1620|26640
508|26650
2579|770
4942|12780
810|21130
4143|25850
6353|1330
15|26660
6090|2960
290|140
8639|21800
4623|2440
2387|3160
8645|17420
7758|3680
2391|3160
7051|800
6085|280
9162|26670
6372|2960
599|26680
5967|00
3238|380
7184|800
8557|21760
111|4440
5173|1590
4773|1180
87|13660
1107|12870
5657|2960
5189|1470
9351|3000
9955|24390
7460|800
84|13660
2996|3080
2382|770
7857|13650
6073|280
4900|6760
5330|3800
7243|00
5549|4140
769|18650
2863|3160
6757|1390
7986|22480
7668|5770
1085|2980
2825|900
5249|26690
3896|1510
1868|2040
2416|2400
6531|2960
6873|4140
5912|800
151|11370
7652|5770
9943|10770
4094|5510
26|22550
4853|2230
1130|4770
5729|4140
890|10420
8520|26700
6041|1390
7864|10750
9160|26710
4797|14510
1615|12670
5777|26720
1567|2080
6970|4140
7265|2960
3990|26740
2151|2040
8735|1120
1198|12960
5403|1390
1309|6800
5060|15030
5942|1330
7948|25660
6374|2320
1076|2980
350|5160
1664|16070
3608|770
2790|1460
3744|1510
8884|26760
6167|280
9067|25400
3696|1510
7544|00
912|16970
5275|3800
7649|17450
4504|10270
2413|380
9816|22920
2274|2400
748|14630
3093|530
7677|21210
3213|1460
4591|10940
3187|26770
9502|6450
1510|5680
5808|280
3722|3840
9021|9800
4869|2660
4492|20930
7362|4140
3018|530
8798|26780
8100|6910
2682|530
3901|8740
8479|14130
6123|2320
3799|1510
6243|1750
4283|10300
6133|4140
7398|1330
4323|2510
6340|800
5980|1330
689|11780
6011|800
20|13810
6450|00
4820|9240
2525|26790
2340|3080
4908|990
6696|1290
2663|530
8082|16840
8871|16610
4339|10300
5779|1330
6157|2320
70|3560
3871|3840
2853|2040
8096|3280
3805|7100
9111|2140
8540|20720
593|6700
1826|2400
1288|1640
5823|00
4006|16760
8615|21490
3770|5630
8122|1830
8910|14610
5722|00
7786|3580
499|6700
3485|2400
8091|6910
462|3150
2664|3080
9280|1680
1746|26810
7023|2320
8822|440
172|9270
8621|21760
9678|2720
7342|1390
8980|14610
2189|380
2258|770
6723|2320
5665|1330
3958|2550
6206|2320
747|9980
6339|280
8794|9040
6512|1750
4903|6690
5022|19480
6549|26840
5790|1330
3785|3840
8445|7520
8207|6910
443|5160
9818|5090
7590|280
9674|1060
5303|9200
5002|15370
3983|5630
9841|22920
6382|00
1939|380
7255|16170
7907|23970
6625|13310
6795|18050
2936|3160
8389|7700
9966|21330
2065|26850
5772|280
200|15190
7272|2960
2210|1460
24|26860
7166|4140
9369|7020
8516|15350
6095|26870
5535|1750
3538|26890
9109|11400
9495|4720
8644|21450
8861|5200
657|10780
4088|5510
1268|910
5344|3070
7591|1290
4018|1880
7142|1750
9553|7020
2570|770
1133|8840
8287|3280
7417|1330
1972|380
2439|380
871|16970
9896|13840
8539|8140
8375|25550
779|3130
4787|14510
7513|1290
9915|22920
1722|16180
2659|2380
4078|9090
8647|15740
5601|00
4315|10300
3396|3160
6300|4100
7783|2310
9002|4090
1564|18140
9659|330
3301|530
9828|4840
2857|2400
3372|770
5377|9200
5991|280
804|21130
3813|870
6650|1330
7788|720
5888|00
6622|1330
3764|3870
7619|800
4668|7730
4430|26920
4030|3970
7512|2320
3826|26930
1011|5280
6558|280
7564|280
8480|15350
3464|900
2511|3080
8209|16840
584|140
9485|14480
3283|900
6364|2960
3240|900
4336|10300
1888|26940
5402|1390
7876|12420
6868|14060
7132|1750
329|6700
4061|3970
4010|1880
5029|19480
74|20420
3323|380
9827|10740
681|19690
7099|2320
5878|4140
2959|2400
9744|13710
3543|380
1905|530
3880|3870
5317|1470
8805|3290
411|3170
1387|10080
3016|900
3179|530
1144|2980
801|7200
4165|9220
8556|26950
8629|21800
3036|1460
7188|1750
138|4030
8813|440
8683|7070
3064|1460
8038|26960
2978|380
7190|1330
6525|2320
8541|21490
4222|16310
4289|9510
3241|2400
4333|26970
5396|26980
6573|00
1115|8840
277|26990
9232|27000
3317|2400
2075|1460
9252|6230
812|21130
1684|27020
9121|6250
989|20790
8819|17480
6051|2960
1753|9760
3334|3160
6174|1330
7674|13320
791|7200
228|11910
3682|3760
3020|380
8838|17480
9380|6450
9895|13840
4219|8700
8959|7030
6284|00
950|18010
4209|16310
7675|5770
4529|11080
1450|6280
3704|27040
1825|530
5761|00
5909|2320
9427|27050
5232|3070
1315|3410
8984|7030
7542|800
5088|21160
612|6700
9307|4720
2990|3080
9918|27060
268|27070
6547|00
9735|10590
4215|2460
8676|23210
4374|10300
9789|5090
6389|800
2684|3160
8390|9700
6664|800
2150|770
4252|5250
6210|280
9171|8150
7766|27110
5399|27120
4382|8020
6711|280
8605|14950
5043|18090
2700|530
9630|1680
3702|3870
6203|2320
5603|1390
5453|2960
4652|14380
6896|2960
2671|380
363|11720
2324|2380
385|11700
382|1540
8916|14610
8654|15740
9978|22800
6325|1330
974|16580
7230|2320
8875|17480
1361|20710
7700|7350
5937|1390
5298|3800
1771|21390
1801|3080
9833|5090
2117|770
5302|27130
1452|4160
9602|2720
4163|16310
8624|13520
749|27150
4609|27180
9147|16750
2763|1460
7109|1290
5489|1290
1505|19180
5292|3070
4318|4660
8265|9630
918|17870
1293|10310
4581|2590
922|12040
8317|5330
6381|1330
701|10780
8699|14870
478|140
54|7180
6191|1290
6208|1390
4439|10250
2629|3160
4230|22020
6976|1750
4122|3950
9690|1060
8263|27200
5544|2320
6170|280
1006|5280
425|5160
7205|4140
9595|2720
2456|27220
846|13480
1254|10310
8755|19460
3457|27230
3674|1510
5016|19480
639|27240
4703|13620
6121|1330
6890|1290
4877|24720
6592|1330
2199|530
678|8690
4959|9280
7167|2960
2484|2400
9860|22920
8679|27260
5927|1390
6441|1390
741|15320
4628|2440
5404|280
839|21900
85|13660
8002|8530
6493|1750
9882|5090
7137|00
8614|20720
1040|16350
380|1540
8437|15870
7078|1390
1094|19290
7058|1290
8239|9630
5390|27300
5256|3750
6628|1290
1251|27310
9652|6450
1708|9350
5911|17340
4310|8020
4337|8020
6943|800
5366|1590
7448|21200
6561|280
6841|1330
4246|2460
4377|4680
4414|10250
5163|7060
586|620
3300|3160
8545|21760
552|3100
6227|280
218|9460
8572|14280
4748|6680
4046|4560
8341|3890
7553|1750
2966|380
782|25180
4019|6840
3577|3160
4387|4660
6268|800
5516|1330
9613|1680
3014|2400
607|620
9296|330
3815|27320
5006|3960
1274|15570
2658|1460
9544|7020
9205|16750
7911|27330
9056|2140
5562|280
5187|3750
60|10350
2192|2400
6973|2960
7480|1290
6185|1330
4076|1880
4438|27340
1721|3420
8543|26950
5622|1750
9718|14480
9356|1680
7394|800
7628|2960
1873|2400
8000|25980
944|14540
5996|4140
9835|5090
5752|280
8021|15100
1949|900
9846|4840
322|3170
4893|20170
3621|3080
549|140
8983|7990
1607|2080
7895|14910
9977|10770
1383|6790
5267|3800
1112|5780
6434|280
2039|3080
2963|3080
9455|2720
3924|3840
7241|1330
2892|2380
112|11370
107|13140
3977|870
2096|770
8490|27380
5831|1330
8939|6210
241|9480
7452|1330
4238|22020
1105|5780
3795|3870
1519|1190
8625|20510
6693|280
4678|2900
5376|10030
9291|7020
3968|8740
755|7650
7168|00
5817|4140
5767|21200
7471|1750
9388|3000
9640|4720
3234|1460
7408|1750
9133|7300
8720|19460
2140|3080
2068|2400
9761|13710
2505|530
3667|3870
7587|1750
6296|800
8366|27400
3866|2550
6072|4140
3358|27410
6825|280
1221|5270
6968|4140
636|16840
5215|3070
34|10350
2506|380
8796|5200
3902|2550
5284|1470
1528|4160
719|19000
5469|280
1818|530
9131|11970
4885|16390
4679|20860
4180|27430
2757|27440
1171|4770
307|27450
2120|2380
7101|27460
1195|4250
5852|1330
6823|2320
5776|1330
4129|5510
2129|380
5919|1330
7498|280
1378|20710
5527|00
4352|9510
3921|1510
6702|1290
2871|2380
6186|800
1935|3080
8343|20740
1364|13850
2320|1460
7955|12120
4755|7570
251|10500
8257|9630
1816|27470
7973|18030
4934|16930
4604|22290
9540|1680
6042|1330
6838|25310
4988|18810
3699|3870
8934|11320
7187|2960
3203|530
1559|5680
9458|330
6621|1330
4997|4320
9967|8660
9884|4840
8926|14610
3771|6580
5981|00
8575|21490
457|140
3806|3840
8353|27490
1372|6800
3068|2040
8289|5120
6237|00
5149|3070
217|27510
4378|4680
4809|9240
4413|5250
3231|2380
2161|900
5255|1470
4321|4690
8337|8230
5718|1750
2092|3080
3858|3840
6576|1330
7846|16490
95|14350
3594|3080
479|6700
2174|530
1071|9960
2433|3160
5956|1330
3142|530
5407|1290
2094|770
9959|10770
1447|7190
4550|13810
4080|4560
2703|2400
2312|900
874|12150
1891|1460
7635|1290
154|11370
7883|12350
5102|7310
7720|27540
9838|5090
8462|14130
6058|4140
2571|27550
4698|4110
1879|3160
5027|12430
5732|13990
1862|27560
4991|3960
3089|530
3436|2400
1830|2400
9017|27580
5194|9200
5364|27590
1956|27600
2894|2380
8579|14280
3441|900
3229|900
5039|18100
23|19030
1209|27610
3596|3080
1514|5680
1331|17980
6988|2960
3979|3760
2224|27620
8040|16890
3681|3870
1432|19220
6900|4140
9669|4720
3750|1510
9938|26710
4886|19640
8742|1120
4805|27640
1790|2400
2267|380
4810|13620
4446|2610
3407|530
5955|1750
4162|15850
2673|2400
9689|7020
969|27650
3870|5640
6342|280
7784|16490
8783|27660
8948|7990
2297|2380
4753|1180
1265|910
9246|2720
9258|27670
2110|900
1605|12670
6064|2960
6865|4140
9217|6250
6393|800
5957|4140
1659|17000
192|18060
4150|22020
1454|19180
9461|6450
9567|6450
5412|1750
7724|27680
1980|770
1109|2980
9262|330
6626|280
461|1540
3454|900
8729|13810
8241|5120
365|6700
5755|2960
7437|280
924|10420
4518|10180
2591|770
9103|14440
9074|12610
2005|2380
4618|26040
5304|3750
8750|1120
3938|8740
8500|14130
8281|7780
4756|7570
9673|27700
6697|2960
855|18220
378|11700
2052|530
1768|22150
7750|2310
2295|3080
134|4440
6505|280
5087|21160
5408|280
1184|9960
8129|5120
3495|3080
5824|800
3305|900
8107|7780
2234|1460
9717|2720
2071|380
1490|4270
3554|1460
8816|9040
8054|3280
907|4350
9971|22800
6539|1330
8014|16720
9371|14480
440|27730
4868|7570
4486|27740
5092|24490
6358|2320
6015|2320
6761|00
3295|2040
1637|27760
8364|22670
1468|19180
1225|8910
2882|2040
6363|1290
8902|11320
5107|3530
6850|1290
2322|1460
4613|27180
5536|16170
8923|27780
315|140
2072|770
832|21900
8255|3280
3087|2380
6080|1290
4749|9240
1576|3270
8092|5120
3193|770
528|140
8123|5120
8951|7990
6152|4140
9001|4090
9404|2720
3356|2040
7573|1330
3629|3080
2987|2380
3574|27800
418|620
9348|1060
5166|7060
7525|1750
9525|14480
343|620
1942|2040
8103|14770
2551|2400
2102|1460
9575|27820
144|24800
1912|3080
2784|27840
2609|3160
4844|27850
7586|280
6631|2960
652|20000
3936|3840
5687|1330
8144|16840
6598|2960
4021|12770
2298|3160
6969|00
906|4350
3111|2380
3757|1510
8932|14610
188|22080
3680|7100
7629|4140
8792|5200
6356|1330
2676|27870
1377|6800
5015|12430
6724|1750
5515|2320
4159|22020
1522|5680
6758|00
2191|900
6492|1290
1582|3270
1013|16350
7645|4140
352|11720
1549|18930
7888|10750
4002|8740
4044|3970
4666|23300
1153|19290
8328|21580
5984|2320
1758|23080
3284|3160
2028|530
2993|2040
7742|3580
7987|24320
3059|530
8517|14130
63|10350
1316|20710
6092|4140
7303|22760
0|27890
2459|770
740|15320
6654|00
4132|27900
8435|15870
5073|27910
7893|13650
9958|21330
664|11780
1889|530
1636|7820
9524|6230
7458|00
8085|9630
2881|2380
7967|22480
1014|8850
9253|3000
4480|21030
9096|11400
5171|3800
7806|8470
2904|1260
9078|7620
4483|27740
3065|1460
4955|1260
8889|590
7127|26870
2733|2380
798|7200
7311|00
7436|00
6607|1390
2796|2380
2895|3160
2907|530
6306|11030
8909|7030
3731|3840
9331|1060
3781|3760
7972|22420
8494|8140
8604|3920
813|21130
3598|3160
6745|1330
3080|1460
6351|1390
836|17910
8094|10650
2233|27930
9948|24390
108|16730
1116|19290
5615|1290
7025|2960
7425|2960
5026|19480
7376|1330
872|970
8770|13200
7028|00
7466|1290
5639|1330
7995|27940
8060|1830
492|620
9786|27950
2826|27960
1064|12870
642|16840
5948|1290
9222|13910
8056|1830
8422|16020
2384|770
5040|17020
9208|7480
2839|1460
9097|19380
6925|27980
2808|3160
4028|3950
2220|770
5309|4610
214|11940
573|3170
8949|11320
1908|530
4743|16390
9438|2720
8700|5360
6568|4140
9925|22920
4838|6680
817|6730
1902|3080
6281|280
6089|1290
3644|2550
3449|2400
8852|8000
7253|00
2436|2400
5283|10030
5597|2320
8582|1620
6076|280
3460|2040
9071|19380
8200|1530
8843|16610
4040|5510
9335|6230
8887|17190
1394|20710
8524|6720
8404|16020
9591|4720
7110|2960
2741|2040
291|5160
6687|1750
320|6700
355|6700
4811|19640
3956|3870
4558|8340
4922|10330
4921|990
4074|9090
9441|1060
484|3150
8339|20740
6965|800
4212|2460
9488|2720
8401|10130
7646|28030
5389|28040
2819|1460
1832|770
2848|3160
5138|28050
5099|28070
2246|28080
7329|1750
2292|380
4887|14510
119|14350
7634|00
6233|1750
2961|530
6535|00
7519|1750
4780|9240
3754|3840
7866|3510
7238|1290
6623|1750
961|25160
7321|2960
3249|900
2134|2380
1932|3080
3389|2380
9487|6450
5144|28100
6993|4140
8119|6910
9395|6230
4087|9090
2130|530
7563|2960
5503|800
4695|6640
9358|14480
4117|12770
8986|7990
5680|4140
7260|1290
1951|2040
6579|1290
6520|1390
5578|800
4509|18750
141|13140
6602|1290
8260|10650
1440|28110
7606|1290
5609|280
1842|530
7624|1330
9297|1060
8432|10130
2207|770
8149|7780
5170|9200
3437|1460
5351|3750
1037|16350
1186|9960
6810|4140
8485|14620
4244|15850
8931|7950
8754|13200
3434|19800
3908|8740
4341|9510
6485|2320
3578|530
209|23710
8310|5330
4531|19880
6931|2960
9863|4340
5561|00
3719|5640
5053|28140
9873|4340
7325|2320
4468|10250
1922|1460
6848|800
3466|1460
9543|14480
6660|28150
7727|3580
4860|6680
9238|7020
389|1540
8643|20510
8219|10650
5145|28160
722|13450
8745|19460
4193|6500
6482|2320
2753|3160
4880|2230
9568|7020
8716|19930
4693|6640
1604|18140
3104|3080
9368|6230
7056|2320
7179|1750
7125|800
3004|3160
1357|17980
9507|4720
3710|2550
9139|7480
8867|9040
5440|4140
6009|280
9364|2720
3508|380
7353|1330
9462|1060
2185|900
2805|900
6497|1750
9379|28200
2019|2380
9442|330
5705|00
2157|2380
8894|25820
2307|530
5870|280
8420|7700
6141|1390
9891|10740
655|18180
8256|6600
3138|1460
4802|6680
306|5160
6395|4140
8291|3280
100|10860
8670|10900
5684|00
8072|10650
2206|3160
4292|9510
864|28240
5811|28250
1703|1820
1080|8840
5051|11060
4448|10250
2528|900
9498|330
6394|1390
5672|27270
7712|2330
7969|22480
472|5160
9585|2720
2731|2040
7853|7350
7667|21210
9029|4090
7453|1390
7435|1290
6637|00
3718|870
3881|870
6675|2960
600|28270
9308|6450
1026|23110
3387|2040
1667|3270
8997|9800
5369|3800
8659|21450
6978|2320
734|9980
68|10350
3035|380
6521|4140
9791|22920
3386|900
1742|23750
7826|2310
1920|900
8634|13520
8777|3290
5877|2960
3664|7100
9040|18960
1173|12870
5826|2960
2050|3080
6160|2320
916|970
1330|6800
9865|28280
4127|28290
8602|15760
854|8440
2385|2400
3549|530
9939|28300
3912|5640
1933|380
8600|21760
8957|6210
5787|2320
7378|20280
5470|4140
8684|22110
8075|9630
8906|14610
4445|10250
9068|11400
5974|00
1984|2400
638|9870
1614|16790
6014|2960
1392|13850
7057|2320
9142|11630
7701|4580
1146|5780
6043|1390
1459|15820
8630|21800
4569|21810
4015|28320
869|4350
5459|1390
6348|1390
8365|28330
7309|280
6564|00
541|140
4184|14010
1206|21040
4975|18810
3831|3840
6653|1290
9867|4340
2333|3160
328|5160
7294|2960
3110|380
8890|28340
3339|3160
1172|8840
6223|26870
5921|2960
2101|3160
3273|28350
3916|5640
1821|2400
2415|3160
957|25300
493|9810
1412|10080
468|11720
2354|530
8784|12910
6748|4140
7221|1290
2059|2040
6116|1290
8993|7030
9221|7300
1083|2980
3511|2380
5998|280
1701|4240
4432|10250
1689|16070
1397|17980
9310|3000
8523|14620
7047|15000
3844|1510
9453|14480
8767|13200
4871|28370
2238|3080
2013|2380
9317|28380
9596|14480
774|20810
5397|28390
5724|4140
9950|17600
7217|2320
9808|4380
4691|6640
5209|9310
4733|14510
264|19230
8008|16050
6938|2320
1782|28400
5531|1750
6475|1750
3445|900
8858|17480
2314|2380
5524|800
8595|14950
7640|2960
7261|1290
9820|22920
5847|1390
7428|1750
7010|4140
1124|9960
6669|00
4599|22290
3081|3160
9050|18960
3934|5640
1029|19350
8269|6910
3216|3160
9635|2720
9653|330
5794|800
9777|5600
2617|2040
4676|23300
9496|7020
1973|530
9922|3350
8688|22860
4565|13810
1191|10090
8946|7030
9209|8150
3842|870
2813|2380
7346|1390
5125|16280
2550|2400
6760|1390
1563|4240
7280|26840
8886|590
9478|4720
9490|6450
6611|1750
3735|3870
6187|1750
2509|770
2537|2400
8251|5120
3116|2040
455|6700
8973|7990
7018|4140
6921|800
7302|00
981|10680
2304|2400
5507|1290
4647|28440
9505|7020
9755|21700
7807|2330
6899|1330
3874|18550
7746|2310
6366|2320
248|17530
2421|2400
6686|1330
6222|2320
7778|8970
3019|900
2420|380
7017|1390
6867|2320
6251|2960
5203|1590
7306|2320
2269|380
6478|4140
8083|6910
2414|3080
2870|770
553|1540
450|9810
9361|1680
4075|3970
6330|1290
539|1540
6655|23900
1155|5440
9535|1680
9920|13840
2475|900
4506|13950
9921|5090
6481|1750
2759|2400
147|28450
7862|3510
1453|20250
5296|4610
3873|2550
9086|6130
3195|28460
6104|800
5096|28470
397|11720
338|11700
7363|1750
6163|4140
2971|900
1472|15820
2177|900
6023|800
5922|2960
3094|2400
3001|770
8305|5120
8152|17790
1661|17000
590|620
6412|1390
558|5160
2592|530
81|13660
7975|20870
1406|6790
9661|28480
8877|27660
2306|2400
5953|1330
8519|6720
9138|12940
7607|2320
7440|1330
3542|900
3946|3870
9390|6450
1501|4160
9143|28490
3385|2040
7173|28500
5793|2320
61|500
7978|28510
2600|770
3235|28520
6317|2320
4138|28530
8449|2190
6332|2960
7357|4140
6861|28540
4549|22810
999|5280
9360|14480
8739|5490
7024|2320
9914|28550
7672|13320
7331|1330
6006|1330
9919|5090
2030|28560
624|6700
7828|2330
240|15630
8349|23530
6856|800
822|6730
7834|16490
7960|28570
4470|4660
2862|28580
9742|21700
1909|770
6932|2960
3017|3160
3359|380
5046|3500
7795|2330
9897|4380
2461|380
7333|1390
4107|12770
2608|770
9405|7020
5488|4140
3602|1460
2409|28590
5546|1290
2975|2400
351|26350
3957|1510
955|28600
7831|2310
5192|9310
9951|8660
428|6700
8781|5200
4131|28610
8558|21490
2855|3080
1375|10080
1878|530
9084|28630
174|18060
6004|1290
507|140
1629|3270
6429|1390
6847|2320
5778|4140
4523|2590
9423|28640
7374|1750
3847|2550
721|6120
2260|380
1234|910
3890|7100
9195|16750
2645|3160
6329|2960
3882|1510
7872|12350
894|18220
1799|380
9271|3000
5741|1330
2443|530
4393|2610
9696|1680
8675|27260
3461|3080
8415|10130
9465|6450
4723|9950
9248|14480
5594|3560
7809|2330
5084|21160
5677|1750
2226|2400
8433|50
8638|17420
2411|3160
9825|3350
1038|6510
8436|7700
7098|1330
5713|800
5969|00
8321|28670
8713|5490
5517|1390
2180|530
6777|1390
2337|2380
9916|4340
305|11700
1726|3420
4286|9510
4863|14510
7322|280
3585|530
1311|6790
9237|1060
4935|110
9452|7020
2412|3080
2141|2040
9315|1060
5274|9310
7312|1330
2859|2040
2499|900
6509|2320
610|620
6410|4140
7502|00
7242|1390
9393|14480
2521|2040
2573|380
7281|1390
354|9810
6151|2320
8478|6720
6082|1750
4112|3950
4713|16390
7829|7350
9386|2720
163|18060
656|10690
6240|1290
3191|380
7709|2330
5985|1750
9869|4380
2162|1460
7143|2960
5313|9310
6347|4140
6097|00
6633|800
7537|280
7840|8470
784|18320
3960|7100
1263|10410
9181|7300
1121|9960
5422|1290
409|3150
7680|5910
90|13660
3414|1460
8424|50
3506|28680
6714|00
5880|1330
8753|13200
8168|28690
5467|800
7753|2330
4547|21810
1164|4770
9956|18410
1344|10080
1114|19290
7707|2310
8725|1120
5429|1390
6886|1390
1269|910
6663|2320
6321|280
4512|28700
7183|800
2448|770
816|7200
210|28710
7971|20700
3566|2400
4660|26450
8414|15870
1806|3080
8865|8000
7295|4140
2103|3080
1583|16070
1306|17980
2764|770
5907|2320
1423|20710
7500|4140
5246|9200
7176|4140
3628|3080
7192|00
847|13480
5310|28730
7990|11990
2876|3160
8327|25940
808|7200
6354|28740
9336|28750
718|28760
4255|4660
8377|10130
4876|16390
9036|7620
3128|21930
8800|9040
6940|800
4473|10300
5252|4610
7248|1290
8513|15350
5072|17210
9952|17600
4848|6680
7819|4580
6113|800
3412|28770
4114|3950
9627|2720
9597|330
6408|1390
5570|1290
2086|2400
1656|12670
5828|4140
6668|1750
9025|7950
5965|1290
4469|4690
4257|4680
8891|590
9582|6230
6515|28500
5521|2960
5840|00
9662|7020
6046|1290
3271|900
2008|22910
8622|3920
4842|28780
6837|13830
4832|23650
3787|28790
3683|2550
5078|4860
5009|28800
1881|770
5200|1590
3105|380
7684|19740
8773|28820
7685|5910
2025|1460
7555|2960
7856|2330
5126|16280
3194|2400
136|13140
3623|2400
633|16840
8177|1530
1584|16070
8374|7520
9099|11400
567|1540
935|28830
2654|900
7402|4140
2504|1460
6632|1390
4004|1880
8574|14280
4943|110
2773|770
4521|10180
1673|2080
1460|6280
2279|3160
4493|25990
1250|1640
8166|3280
1968|3160
7207|2320
5576|2960
9219|6250
9726|4720
9312|1060
9342|6230
9299|7020
1741|26810
7392|2320
1149|12870
8359|11790
5350|10030
5506|800
7222|1290
4395|4680
4373|9510
9849|22920
9743|23810
1178|2980
8680|22110
9118|28870
4916|12300
3137|28880
6507|2320
3069|2400
873|970
2917|770
797|21130
9616|3000
2400|1460
1751|10130
3632|3840
5774|2960
4804|16390
8768|19930
6273|1390
6551|2960
9732|6230
9475|2720
9298|1060
3657|7100
9667|4720
6986|4140
9324|28890
3344|2380
8811|28900
6927|00
2082|2380
1835|900
4542|10180
2601|3080
5834|1390
5332|9200
5180|3070
8917|4090
796|21130
7218|1750
1307|10170
7867|14910
2900|380
7566|2960
6754|00
5070|2290
2031|530
8882|28920
891|10420
6143|1750
2339|900
2995|3160
6744|1290
7732|720
431|5160
1749|10160
158|18060
6771|800
8731|13810
684|8690
260|17530
3242|530
2426|2040
3859|5640
8345|3890
1430|13850
3889|870
2469|380
9255|28940
9545|3000
6252|00
2344|2400
9155|11970
9177|13410
4901|6760
6124|1330
1644|18140
1609|16790
6200|4140
219|28960
849|21900
9970|17600
3314|3160
4436|4680
6442|1390
7299|4140
2463|2380
1930|3080
8004|28970
279|5540
6546|2320
8186|6600
2985|3160
8585|21490
8667|29000
3572|2400
3188|770
8453|14130
2627|900
934|28830
169|20520
9801|5090
2090|3080
7506|1750
713|9980
6979|1750
7745|2310
5526|1330
9727|29030
2925|3080
1854|380
5708|1290
7124|00
401|6700
3456|3080
3243|2040
7438|4140
5670|00
6182|2960
6869|1750
3822|1510
4834|29040
6544|2960
6862|1290
4607|22830
1329|6800
3144|3160
7418|280
4208|9220
3088|1470
4397|2510
113|13140
4254|2610
714|12510
3845|3870
4710|16390
644|3250
9851|4840
2534|29070
2310|770
2899|2400
5494|00
4827|13620
4017|16760
8705|13200
8447|15870
4994|19660
6705|4140
8711|19460
9100|7620
2313|1460
7923|2050
3631|3760
2442|3080
6944|800
9960|21330
3548|530
1117|4250
5400|280
5349|7060
6484|1390
39|3560
5644|29080
930|12150
7065|280
6433|1330
8982|6210
7029|4140
9872|12080
4790|19640
2955|3080
4946|20170
2171|900
16|26860
1776|2380
5014|10570
3504|530
4182|4630
6451|800
8567|9710
4992|19660
1374|29090
9671|2720
3855|1510
1488|7190
775|25050
2408|770
5780|29100
8573|29110
7021|800
7046|00
7111|2320
4606|29120
8616|15300
8632|530
1303|6790
5725|800
1568|16790
917|10420
909|17870
3581|2380
7397|2320
757|7650
2696|2380
9240|6450
1002|5280
5748|1290
234|11910
4643|29130
9102|18960
7717|8970
1716|21990
8660|20510
3388|900
3442|530
4919|6690
8048|3280
8498|8140
2721|1460
9826|5090
898|12040
1229|10310
4403|9510
8071|21630
8626|15740
6689|1390
2755|900
8046|6600
7871|14910
2542|3160
8862|16830
5405|1390
5058|19480
7719|3580
3152|1460
5783|1390
2948|2040
8319|5330
8808|28900
5590|280
3422|2400
1928|2400
833|13480
9905|3350
4501|25990
9319|29150
7744|4580
8920|7030
2765|3080
9930|28280
4297|9510
5765|1390
5258|3070
7538|800
6285|29160
7252|00
6333|1390
5221|4610
5651|1330
2445|770
9745|13710
7367|1390
1128|4770
5141|28050
1986|2380
9929|3350
3963|1510
6357|800
8662|10130
5091|17210
2847|770
4982|15810
7158|1330
4513|21260
4724|6680
4353|4680
5582|280
5588|20220
5169|29190
4672|7730
3738|3870
7507|2960
4404|2510
4119|14120
3965|1510
1534|4270
4530|8340
1974|380
546|620
7421|800
9075|19380
324|3170
129|14350
6565|1290
4345|2510
6|19100
1126|9960
3320|2040
1969|900
9643|6450
1041|23110
3209|770
8521|8140
3537|2380
1036|23110
6884|1390
9750|13710
1308|10080
8034|16530
4482|29210
9512|7020
6409|2320
4874|14510
4833|9950
8338|20740
9334|1680
93|6820
703|6120
8066|6910
7517|1290
1207|20850
4947|6760
750|14630
7794|4580
5441|2320
8030|16890
8027|23350
7559|1290
9749|21700
1586|2080
7704|29230
8565|29240
1600|18140
438|140
2193|3160
4053|5510
2577|2400
220|29250
8855|5200
2704|900
897|16970
7665|3720
6751|00
8264|7780
7396|280
9459|6450
5119|3890
9389|2720
7505|1330
1165|2980
1159|4250
8089|9630
5293|1590
6183|29260
2270|3160
7803|8470
6096|1390
9570|14480
5951|00
1030|6510
8658|13520
9242|1060
7401|22720
9434|14480
4741|2230
9904|4340
6247|1290
8308|5330
4897|6690
9083|18960
9893|13840
2496|770
7887|23970
9184|12940
4687|14380
3604|2400
8584|20720
3727|2550
6812|1750
9982|29290
8636|21450
3994|870
6411|800
7409|00
7344|1390
